,source,tweet,time,compound,positive,neutral,negative
0,@bbc,"üò∫üí¶ This is Maya the jaguar's very first swim!  
#BigCatsAboutTheHouse https://t.co/IacZP3ltf3",Sun Apr 08 19:02:05 +0000 2018,0.0,0.0,1.0,0.0
1,@bbc,üòÇ Need a hand getting the kids to bed? https://t.co/JAUkyoVSA8,Sun Apr 08 18:03:03 +0000 2018,0.494,0.314,0.686,0.0
2,@bbc,"'Silencing masks' and 'wife auctions': What life used to be like for women. 
üëâ https://t.co/7Z1bcXKgOx https://t.co/gzm7Hf3loH",Sun Apr 08 17:25:08 +0000 2018,0.25,0.147,0.765,0.088
3,@bbc,"ü¶ñüòÇ Philomena Cunk examines the barbaric conditions in which we keep today's dinosaurs.
#CunkOnBritain  https://t.co/nBav5dqh7a",Sun Apr 08 17:07:02 +0000 2018,0.0,0.0,1.0,0.0
4,@bbc,"RT @bbcgetinspired: Meet Sue...

She is planning to run the 2018 @LondonMarathon to prove someone with vascular dementia can do it. üôå

‚û° ht‚Ä¶",Sun Apr 08 16:40:55 +0000 2018,0.0,0.0,1.0,0.0
5,@bbc,üé® Victoria Lomasko is a Russian graphic artist who's travelled up and down her country painting 'forgotten women'. https://t.co/XtlpBlAYb0,Sun Apr 08 16:07:03 +0000 2018,-0.226,0.0,0.894,0.106
6,@bbc,"üé∂ The search for the next Young Musician has begun, and the first @BBCYoungMus semi-finalist of 2018 has been confi‚Ä¶ https://t.co/klUA4GWtb0",Sun Apr 08 15:31:00 +0000 2018,0.0,0.0,1.0,0.0
7,@bbc,"'If boys are getting diagnosed with autism, girls need exactly the same.' https://t.co/f7Aft0LWwB",Sun Apr 08 15:11:04 +0000 2018,0.0,0.0,1.0,0.0
8,@bbc,üíÉüï∫ Meet the kids cutting some serious shapes on the streets of Lagos. https://t.co/3ySZPqua01,Sun Apr 08 13:54:07 +0000 2018,-0.202,0.0,0.811,0.189
9,@bbc,"RT @BBCSport: What a nice surprise üòçüíç

Two of @TeamEngland 's basketball players got engaged on court at the Commonwealths. 

Congrats @Jam‚Ä¶",Sun Apr 08 13:23:39 +0000 2018,0.875,0.393,0.607,0.0
10,@bbc,üòÇ 'Surprise me'. https://t.co/Jo7illTafh,Sun Apr 08 13:03:04 +0000 2018,0.273,0.512,0.488,0.0
11,@bbc,"When doctors found a large tumour on little Poppy‚Äôs brain, her parents faced one of the toughest decisions of their‚Ä¶ https://t.co/MGM0dpxlFH",Sun Apr 08 11:00:15 +0000 2018,-0.077,0.0,0.936,0.064
12,@bbc,"RT @BBCSport: Beauty queen ‚úÖ
Commonwealth Games weightlifting silver medallist ‚úÖ

Introducing Sarah Davies...

#GC2018 #bbcgoldcoast https:‚Ä¶",Sun Apr 08 10:15:06 +0000 2018,0.586,0.213,0.787,0.0
13,@bbc,"From Ordeal by Innocence to the return of The Handmaid‚Äôs Tale, here are @BBC_Culture's pick of programmes to watch‚Ä¶ https://t.co/Q6S34uv5LX",Sun Apr 08 10:01:07 +0000 2018,0.382,0.12,0.88,0.0
14,@bbc,"ü¶çüí¨ Not only can Koko the gorilla use sign language, she also appears to have learnt to lie...

https://t.co/xXZwlLDLJh",Sun Apr 08 09:08:02 +0000 2018,0.0,0.0,1.0,0.0
15,@bbc,RT @BBCOne: .@johnkrasinski's got MOVES. #TheGrahamNortonShow #TGNS https://t.co/2HUMM0ixEW,Sun Apr 08 08:17:18 +0000 2018,0.0,0.0,1.0,0.0
16,@bbc,"Football, volleyball AND martial arts? Ô∏è‚öΩÔ∏èü•ãü§î

Sepak Takraw is the best sport you've never heard of... 

https://t.co/ngTwJHEmrI",Sun Apr 08 08:08:07 +0000 2018,0.637,0.208,0.792,0.0
17,@bbc,üê≥ Meet the gargantuan air freighter that looks like a whale. https://t.co/7DPUt8okKU,Sun Apr 08 07:02:06 +0000 2018,0.361,0.217,0.783,0.0
18,@bbc,‚ù§Ô∏èüé∂ @NiallOfficial's Live Lounge cover of @JuliaMichaels' Issues is just perfect.  https://t.co/XpsnR29hPU,Sat Apr 07 18:00:22 +0000 2018,0.572,0.252,0.748,0.0
19,@bbc,"RT @CBeebiesHQ: Goodnight @ChrisEvans,üåô 

Chris reads Goodnight Goodnight Construction site tonight. üèóÔ∏è 

#BedtimeStory is at 6:50pm üò¥üí§ htt‚Ä¶",Sat Apr 07 17:19:26 +0000 2018,0.0,0.0,1.0,0.0
20,@bbc,"üò∫üí¶ This is Maya the jaguar's very first swim!  
#BigCatsAboutTheHouse https://t.co/IacZP3ltf3",Sun Apr 08 19:02:05 +0000 2018,0.0,0.0,1.0,0.0
21,@bbc,üòÇ Need a hand getting the kids to bed? https://t.co/JAUkyoVSA8,Sun Apr 08 18:03:03 +0000 2018,0.494,0.314,0.686,0.0
22,@bbc,"'Silencing masks' and 'wife auctions': What life used to be like for women. 
üëâ https://t.co/7Z1bcXKgOx https://t.co/gzm7Hf3loH",Sun Apr 08 17:25:08 +0000 2018,0.25,0.147,0.765,0.088
23,@bbc,"ü¶ñüòÇ Philomena Cunk examines the barbaric conditions in which we keep today's dinosaurs.
#CunkOnBritain  https://t.co/nBav5dqh7a",Sun Apr 08 17:07:02 +0000 2018,0.0,0.0,1.0,0.0
24,@bbc,"RT @bbcgetinspired: Meet Sue...

She is planning to run the 2018 @LondonMarathon to prove someone with vascular dementia can do it. üôå

‚û° ht‚Ä¶",Sun Apr 08 16:40:55 +0000 2018,0.0,0.0,1.0,0.0
25,@bbc,üé® Victoria Lomasko is a Russian graphic artist who's travelled up and down her country painting 'forgotten women'. https://t.co/XtlpBlAYb0,Sun Apr 08 16:07:03 +0000 2018,-0.226,0.0,0.894,0.106
26,@bbc,"üé∂ The search for the next Young Musician has begun, and the first @BBCYoungMus semi-finalist of 2018 has been confi‚Ä¶ https://t.co/klUA4GWtb0",Sun Apr 08 15:31:00 +0000 2018,0.0,0.0,1.0,0.0
27,@bbc,"'If boys are getting diagnosed with autism, girls need exactly the same.' https://t.co/f7Aft0LWwB",Sun Apr 08 15:11:04 +0000 2018,0.0,0.0,1.0,0.0
28,@bbc,üíÉüï∫ Meet the kids cutting some serious shapes on the streets of Lagos. https://t.co/3ySZPqua01,Sun Apr 08 13:54:07 +0000 2018,-0.202,0.0,0.811,0.189
29,@bbc,"RT @BBCSport: What a nice surprise üòçüíç

Two of @TeamEngland 's basketball players got engaged on court at the Commonwealths. 

Congrats @Jam‚Ä¶",Sun Apr 08 13:23:39 +0000 2018,0.875,0.393,0.607,0.0
30,@bbc,üòÇ 'Surprise me'. https://t.co/Jo7illTafh,Sun Apr 08 13:03:04 +0000 2018,0.273,0.512,0.488,0.0
31,@bbc,"When doctors found a large tumour on little Poppy‚Äôs brain, her parents faced one of the toughest decisions of their‚Ä¶ https://t.co/MGM0dpxlFH",Sun Apr 08 11:00:15 +0000 2018,-0.077,0.0,0.936,0.064
32,@bbc,"RT @BBCSport: Beauty queen ‚úÖ
Commonwealth Games weightlifting silver medallist ‚úÖ

Introducing Sarah Davies...

#GC2018 #bbcgoldcoast https:‚Ä¶",Sun Apr 08 10:15:06 +0000 2018,0.586,0.213,0.787,0.0
33,@bbc,"From Ordeal by Innocence to the return of The Handmaid‚Äôs Tale, here are @BBC_Culture's pick of programmes to watch‚Ä¶ https://t.co/Q6S34uv5LX",Sun Apr 08 10:01:07 +0000 2018,0.382,0.12,0.88,0.0
34,@bbc,"ü¶çüí¨ Not only can Koko the gorilla use sign language, she also appears to have learnt to lie...

https://t.co/xXZwlLDLJh",Sun Apr 08 09:08:02 +0000 2018,0.0,0.0,1.0,0.0
35,@bbc,RT @BBCOne: .@johnkrasinski's got MOVES. #TheGrahamNortonShow #TGNS https://t.co/2HUMM0ixEW,Sun Apr 08 08:17:18 +0000 2018,0.0,0.0,1.0,0.0
36,@bbc,"Football, volleyball AND martial arts? Ô∏è‚öΩÔ∏èü•ãü§î

Sepak Takraw is the best sport you've never heard of... 

https://t.co/ngTwJHEmrI",Sun Apr 08 08:08:07 +0000 2018,0.637,0.208,0.792,0.0
37,@bbc,üê≥ Meet the gargantuan air freighter that looks like a whale. https://t.co/7DPUt8okKU,Sun Apr 08 07:02:06 +0000 2018,0.361,0.217,0.783,0.0
38,@bbc,‚ù§Ô∏èüé∂ @NiallOfficial's Live Lounge cover of @JuliaMichaels' Issues is just perfect.  https://t.co/XpsnR29hPU,Sat Apr 07 18:00:22 +0000 2018,0.572,0.252,0.748,0.0
39,@bbc,"RT @CBeebiesHQ: Goodnight @ChrisEvans,üåô 

Chris reads Goodnight Goodnight Construction site tonight. üèóÔ∏è 

#BedtimeStory is at 6:50pm üò¥üí§ htt‚Ä¶",Sat Apr 07 17:19:26 +0000 2018,0.0,0.0,1.0,0.0
40,@bbc,ü¶Åüò¢ Lions are often poisoned to prevent them attacking livestock. https://t.co/254nhtlMW5,Sat Apr 07 17:04:03 +0000 2018,-0.727,0.072,0.523,0.405
41,@bbc,"üò≤ Some VERY impressive maths here. 
#UniversityChallenge https://t.co/crvQQ5V3Vn",Sat Apr 07 16:00:23 +0000 2018,0.652,0.419,0.581,0.0
42,@bbc,Doctors are finding one way that sugar can benefit your health - it may help heal wounds resistant to antibiotics.‚Ä¶ https://t.co/zI9pN0zSVo,Sat Apr 07 15:01:03 +0000 2018,0.691,0.241,0.759,0.0
43,@bbc,"RT @BBCRadio2: ""The clunk of putting the cassette in, snapping it shut... oh wait I'm going to rewind to get to the start of the song. It's‚Ä¶",Sat Apr 07 14:33:46 +0000 2018,0.0,0.0,1.0,0.0
44,@bbc,"üåéüì∏ Our pick of the most striking news photographs taken around the world recently.
üëâ https://t.co/zPpuZq9hOC https://t.co/fYUTrG44Ra",Sat Apr 07 14:00:31 +0000 2018,0.0,0.0,1.0,0.0
45,@bbc,How did this new mum survive in the chaos that followed Hurricane Maria? https://t.co/Nx7uFz1k56,Sat Apr 07 13:00:20 +0000 2018,-0.572,0.0,0.778,0.222
46,@bbc,"For Dr Joel Salinas, music creates colours, numbers have personalities and another person's pain feels almost like‚Ä¶ https://t.co/lrGhiKBaGZ",Sat Apr 07 12:07:08 +0000 2018,-0.296,0.098,0.748,0.154
47,@bbc,"RT @bbcthree: 94-year-old Judo Jack says: ""Get off your butt and do something."" https://t.co/M9CzCtwSqe",Sat Apr 07 11:19:19 +0000 2018,0.0,0.0,1.0,0.0
48,@bbc,RT @BBCR1: It's been one whole year of Sign Of The Times and we need to know whether @Harry_Styles finally let Chris Martin be head of his‚Ä¶,Sat Apr 07 11:00:57 +0000 2018,0.0,0.0,1.0,0.0
49,@bbc,"What an inspiration! üí™ 

‚ù§Ô∏è Fraser shed the pounds to pursue his wrestling dream, in memory of his mother. https://t.co/LWmuGo6dTN",Sat Apr 07 11:00:18 +0000 2018,0.69,0.251,0.749,0.0
50,@bbc,"RT @BBCSport: It's a historic victory for Uganda! üôå 

Earlier today they recorded their first ever victory at the Commonwealth games with a‚Ä¶",Sat Apr 07 10:26:52 +0000 2018,0.0,0.0,1.0,0.0
51,@bbc,üçìüçí Did you know that cherries and strawberries represented the souls of men? Or that a dragonfly could be the devil‚Ä¶ https://t.co/s9rFhv5wlu,Sat Apr 07 10:05:06 +0000 2018,0.0,0.0,1.0,0.0
52,@bbc,"Losing your hair whilst going through cancer treatment can be distressing. 

This shop decided to try and do someth‚Ä¶ https://t.co/mcOgFrRtdq",Sat Apr 07 09:00:12 +0000 2018,-0.866,0.0,0.637,0.363
53,@bbc,üóëü§ñ This trash collecting robot can be controlled by anyone via the internet. https://t.co/N2gbeP2nIo,Sat Apr 07 08:00:16 +0000 2018,0.0,0.0,1.0,0.0
54,@bbc,"RT @bbcgetinspired: 'Women don't just stay at home and look after the kids, we don't just do dance or gymnastics, we play tennis, football‚Ä¶",Sat Apr 07 07:54:05 +0000 2018,0.34,0.094,0.906,0.0
55,@bbc,üòçüêø These baby red squirrels are too cute to handle. https://t.co/d2r7c8EyUh,Sat Apr 07 07:03:06 +0000 2018,0.459,0.231,0.769,0.0
56,@bbc,"RT @bbcmusic: Jade, this was INCREDIBLE üòç
#SoundsLikeFridayNight https://t.co/rSGnYVTFYu",Fri Apr 06 19:48:37 +0000 2018,0.0,0.0,1.0,0.0
57,@bbc,ü§î Modern life is a mystery. https://t.co/a4817Iugzz,Fri Apr 06 18:07:07 +0000 2018,0.0,0.0,1.0,0.0
58,@bbc,"Tune in to #SLFN tonight for performances from @snowpatrol, @Meghan_Trainor, @yearsandyears and @halsey. üé∂üé§üéâ

Sound‚Ä¶ https://t.co/EFjiBk5upm",Fri Apr 06 17:32:05 +0000 2018,0.0,0.0,1.0,0.0
59,@bbc,RT @bbcpointswest: ü§© Prince Harry and Meghan Markle arrive in Bath for the Invictus Games trials ü§© https://t.co/ywlHvaHt2z,Fri Apr 06 16:13:08 +0000 2018,0.0,0.0,1.0,0.0
60,@bbc,"üòÇ If you're going to get dumped on TV, it might as well be via @KylieMinogue. 

#TheGNShow | 10.35pm | @BBCOne https://t.co/CgfsjKjeob",Fri Apr 06 16:08:04 +0000 2018,-0.153,0.096,0.78,0.124
61,@bbc,"RT @BBCNewsround: Ever wondered why we cry when we chop onions? Now you'll have no excuse to avoid cooking dinner, sorry! üòÇhttps://t.co/SyX‚Ä¶",Fri Apr 06 16:02:36 +0000 2018,-0.778,0.047,0.621,0.332
62,@bbc,"RT @BBCOne: MY OLD FRIEND.

#OrdealByInnocence #Sunshine https://t.co/vQBvcgLrCe",Fri Apr 06 15:23:45 +0000 2018,0.604,0.36,0.64,0.0
63,@bbc,"üéª Two years ago @ShekuKM won @BBCYoungMus. 
Now he wants to inspire other young people to pick up an instrument too‚Ä¶ https://t.co/fG0F3x2eDN",Fri Apr 06 15:22:01 +0000 2018,0.813,0.28,0.72,0.0
64,@bbc,"RT @bbcgetinspired: She's only 11 years old, but @sport_wales' Anna Hursey is smashing it at #GC2018! üôå 

‚û° https://t.co/9sFYGzsgnQ #GetIns‚Ä¶",Fri Apr 06 15:20:18 +0000 2018,0.0,0.0,1.0,0.0
65,@bbc,RT @bbcmusic: Counting down the seconds TBH üíÖ@LittleMix https://t.co/6UTrz9gqQr,Fri Apr 06 15:02:33 +0000 2018,0.0,0.0,1.0,0.0
66,@bbc,üçûüçª Hate food waste but love beer? https://t.co/IL9jmlaMjs,Fri Apr 06 15:02:05 +0000 2018,0.55,0.385,0.332,0.282
67,@bbc,"RT @BBCRadio3: ""Stop being so selfish ‚Äì this isn‚Äôt about you."" Harsh words - or tough love?
Zeynep, Jess and Sam discuss one teacher‚Äôs cont‚Ä¶",Fri Apr 06 14:30:39 +0000 2018,-0.585,0.13,0.559,0.31
68,@bbc,"üêò ü¶èü¶íüî≠
Saving animals using space technology. https://t.co/gAwJcD2I2A",Fri Apr 06 14:07:06 +0000 2018,0.0,0.0,1.0,0.0
69,@bbc,"üçøüéü From a near-silent horror film to an Australian Western, here are 8 movies worth watching in April. 
üëâ‚Ä¶ https://t.co/b15kbsQ7MD",Fri Apr 06 13:02:05 +0000 2018,-0.422,0.088,0.741,0.171
70,@bbc,RT @BBCOne: For all the drama queens. üëë https://t.co/RfdMDieaCZ,Fri Apr 06 12:18:09 +0000 2018,0.0,0.0,1.0,0.0
71,@bbc,üíÉüï∫ Meet the dancers from Lagos who've been tipped for the top by @Rihanna and @NaomiCampbell. https://t.co/3ySZPqcyBr,Fri Apr 06 12:03:05 +0000 2018,0.202,0.101,0.899,0.0
72,@bbc,"RT @BBCSport: Gareth Evans absolutely loved it! üí™ 

This is how it felt to win Wales' first gold! ü•áüè¥Û†ÅßÛ†Å¢Û†Å∑Û†Å¨Û†Å≥Û†Åø

#GC2018 #bbcgoldcoast https://t‚Ä¶",Fri Apr 06 11:32:15 +0000 2018,0.862,0.311,0.689,0.0
73,@bbc,"ü¶Åü¶èüêÜ 
Royal pets are now more synonymous with corgis than wild animals, but historically monarchs would own an array‚Ä¶ https://t.co/5VVyiWHPv1",Fri Apr 06 11:00:06 +0000 2018,0.0,0.0,1.0,0.0
74,@bbc,"üòª Say hello to Willow the cheetah! 
#BigCatsAboutTheHouse https://t.co/e9xNVjR0gi",Fri Apr 06 10:10:03 +0000 2018,0.0,0.0,1.0,0.0
75,@bbc,RT @BBCSport: It all happened in the weightlifting... #GC2018 https://t.co/s8qnPsuyaz,Fri Apr 06 08:58:33 +0000 2018,0.0,0.0,1.0,0.0
76,@bbc,RT @BBCBreakfast: All you need to know about the 'sugar tax' and how your favourite soft drink may change. https://t.co/mjFwTN1UHs,Fri Apr 06 08:30:51 +0000 2018,0.0,0.0,1.0,0.0
77,@bbc,RT @bbcpress: üì∏ #FirstLook at Eleanor Tomlinson and Rafe Spall in @BBCOne adaptation of H.G. Wells' #WarOfTheWorlds as filming begins: http‚Ä¶,Fri Apr 06 08:08:50 +0000 2018,0.25,0.095,0.905,0.0
78,@bbc,"üò≤üé®üáøüá¶ Hotel or modern art museum?
#AmazingHotels https://t.co/Xbmjzviivh",Fri Apr 06 08:00:17 +0000 2018,0.0,0.0,1.0,0.0
79,@bbc,"It might not always feel like it, but psychologist @sapinker is convinced that the world is on the up. https://t.co/a8PrDXjDcL",Fri Apr 06 07:00:09 +0000 2018,0.458,0.154,0.779,0.067
80,@bbc,"'There‚Äôs the England before Stephen, and there‚Äôs the England after Stephen.' 

Stephen: The Murder That Changed a N‚Ä¶ https://t.co/BLynBXYH7I",Thu Apr 05 20:02:00 +0000 2018,-0.691,0.0,0.783,0.217
81,@bbc,"üêÜ Could building walkways in nature help save these big cats?
#BigCatsAboutTheHouse https://t.co/NdkxCDBpee",Thu Apr 05 18:00:24 +0000 2018,0.71,0.371,0.629,0.0
82,@bbc,"üòãüòã Pocket-friendly recipes for two.
üëâ https://t.co/CzuDNQNw3B https://t.co/xbrrmlIgNF",Thu Apr 05 17:02:05 +0000 2018,0.0,0.0,1.0,0.0
83,@bbc,"üëÄ From illegal ivory to taxidermy, take a peek inside the banned wildlife room at Heathrow Airport. https://t.co/8yIok0eobX",Thu Apr 05 16:00:17 +0000 2018,-0.765,0.0,0.68,0.32
84,@bbc,RT @bbccomedy: Smithy is an irl ray of #sunshine. https://t.co/NgA4t4jZob,Thu Apr 05 15:55:28 +0000 2018,0.0,0.0,1.0,0.0
85,@bbc,"RT @BBCTheOneShow: ..@DIYSOS  are building a gym and community area for the Grenfell community, but @MrNickKnowles needs something specific‚Ä¶",Thu Apr 05 14:34:17 +0000 2018,0.0,0.0,1.0,0.0
86,@bbc,"RT @bbcmusic: STOP EVERYTHING: @GaryBarlow is coming to Sounds Like Friday Night üôåüí™ 
Don't miss it: 7.30pm, Friday, @BBCOne üí´#SLFN https://‚Ä¶",Thu Apr 05 12:59:08 +0000 2018,0.003,0.159,0.724,0.118
87,@bbc,"RT @BBCOne: You took your sweet time. 

#Poldark #sunshine https://t.co/Ep33Zt5YZi",Thu Apr 05 12:37:24 +0000 2018,0.459,0.25,0.75,0.0
88,@bbc,"It's time society stopped judging black women by their hair, British-Somali artist @blackpowerpufff says.‚Ä¶ https://t.co/lRmAfxmefR",Thu Apr 05 11:56:05 +0000 2018,-0.226,0.0,0.881,0.119
89,@bbc,üìö A biography about conjoined twins from Siam who became US slave-owners + 9 other books to bury your nose in this‚Ä¶ https://t.co/1UfP6LTH0i,Thu Apr 05 11:01:08 +0000 2018,0.0,0.0,1.0,0.0
90,@bbc,RT @BBCSport: Scotland's Hannah Miley takes the silver in the women's 400m individual medley! ü•à https://t.co/GrailyYrno #bbcgoldcoast https‚Ä¶,Thu Apr 05 10:26:16 +0000 2018,0.0,0.0,1.0,0.0
91,@bbc,üòçüêø A trio of baby red squirrels have been rescued in Perthshire.  https://t.co/d2r7c8EyUh,Thu Apr 05 10:22:47 +0000 2018,0.422,0.203,0.797,0.0
92,@bbc,"RT @BBCBreakfast: Some GOOD plastic news!
Marine conservationists say the 5p carrier bag charge has reduced the amount of single use plasti‚Ä¶",Thu Apr 05 10:03:28 +0000 2018,0.603,0.157,0.843,0.0
93,@bbc,"RT @BBCRadio2: What happens when you put one harp, three fiddles, and the cream of the folk world in one room?

We brought together @elizac‚Ä¶",Thu Apr 05 09:55:45 +0000 2018,0.0,0.0,1.0,0.0
94,@bbc,"RT @BBCRadio4: Is @Youtube a form of folk art?
The #Unpopped podcast looks at the rise and dominance of YouTube and YouTubers with @sophieh‚Ä¶",Thu Apr 05 09:53:47 +0000 2018,0.202,0.076,0.924,0.0
95,@bbc,"RT @bbcasiannetwork: üö´It's your last chance to apply for placements at @BBCR1 @1Xtra and Asian Network in our Where It Begins Scheme! üö´
Wha‚Ä¶",Thu Apr 05 09:52:41 +0000 2018,0.316,0.094,0.906,0.0
96,@bbc,"RT @bbcthree: ""Let me guess, your name is Singh?"" and other things not to say to Sikh people. https://t.co/tZLfWssxez",Thu Apr 05 09:44:41 +0000 2018,0.0,0.0,1.0,0.0
97,@bbc,"RT @BBCSport: It was a tough day in the office for this Cypriot gymnast.

#bbcgoldcoast #GC2018 https://t.co/Xmt9bgMyeQ",Thu Apr 05 09:06:05 +0000 2018,-0.128,0.0,0.909,0.091
98,@bbc,"RT @bbcweather: *Public service announcement*
Ladies and gentlemen DO NOT be alarmed! I've checked through our 'big book of weather', and I‚Ä¶",Thu Apr 05 08:57:48 +0000 2018,-0.4,0.0,0.886,0.114
99,@bbc,"üêê No kidding, goat pilates is a real thing. https://t.co/kmuOKupPwB",Thu Apr 05 08:01:06 +0000 2018,-0.202,0.146,0.625,0.229
100,@cbs,It's time to celebrate! @MomCBS will be back for Season 6! https://t.co/ianxp6JWHq,Mon Apr 09 01:42:06 +0000 2018,0.647,0.28,0.72,0.0
101,@cbs,@OldDominion's Matthew Ramsey is here with a friendly reminder - Country Music‚Äôs Party Of The Year¬Æ is just seven d‚Ä¶ https://t.co/SFnXxQLoPN,Sun Apr 08 22:00:01 +0000 2018,0.71,0.258,0.742,0.0
102,@cbs,It all comes down to this! Stream Round 4 of #TheMasters Tournament on CBS live with a free trial of CBS All Access‚Ä¶ https://t.co/mNFSAUkLvZ,Sun Apr 08 18:38:13 +0000 2018,0.556,0.146,0.854,0.0
103,@cbs,"@reba is ready for her hosting duties! In just one week, watch her take the stage at the 53rd #ACMawards. Tune in A‚Ä¶ https://t.co/TmjezmqPme",Sun Apr 08 15:00:00 +0000 2018,0.42,0.108,0.892,0.0
104,@cbs,Watch some of the biggest names in golf compete in one of the greatest tournaments of the year! Stream #TheMasters‚Ä¶ https://t.co/e8kbkSLx5k,Sat Apr 07 19:35:08 +0000 2018,0.67,0.183,0.817,0.0
105,@cbs,Tonight's the night! Here's a behind-the-scenes look at season 2 of @RansomCBS before the big premiere. Tune in at‚Ä¶ https://t.co/WtRHvufO7H,Sat Apr 07 18:28:03 +0000 2018,0.0,0.0,1.0,0.0
106,@cbs,What song will @DierksBentley belt out when he takes the stage to perform at the 53rd #ACMawards? Get ready to sing‚Ä¶ https://t.co/oEtKJnKQVn,Sat Apr 07 16:30:02 +0000 2018,0.361,0.106,0.894,0.0
107,@cbs,"@johnlegend, @mirandalambert, @KeshaRose, and more perform @eltonofficial's hit songs! Watch Elton John: I'm Still‚Ä¶ https://t.co/VF3hf8OCT7",Sat Apr 07 15:31:12 +0000 2018,0.0,0.0,1.0,0.0
108,@cbs,Ask 53rd ACM Awards¬Æ host @reba a question and she just may answer it on April 11 at 5:30p ET/2:30p PT when she tak‚Ä¶ https://t.co/DAa5gQS8oX,Fri Apr 06 21:10:18 +0000 2018,0.0,0.0,1.0,0.0
109,@cbs,What‚Äôs @eltonofficial's birth name and which of his songs holds the record for biggest selling single of all time?‚Ä¶ https://t.co/N5qkMYCE7e,Fri Apr 06 17:00:00 +0000 2018,0.0,0.0,1.0,0.0
110,@cbs,Do you have a question for country music legend and host of the 53rd ACM Awards¬Æ @reba? Write it below for a chance‚Ä¶ https://t.co/yVVDVFpxDM,Fri Apr 06 13:45:00 +0000 2018,0.0,0.0,1.0,0.0
111,@cbs,How well do you know The Academy of Country Music Awards‚Ñ¢? Test your knowledge of Country Music‚Äôs Party of the Year‚Ä¶ https://t.co/lfWAcvAbZa,Thu Apr 05 21:44:00 +0000 2018,0.586,0.194,0.806,0.0
112,@cbs,"RT @CodeBlackCBS: The intensity and emotions of your favorite show are returning to @CBS in 3 weeks.

Get excited. https://t.co/aGUNIPwRjh",Thu Apr 05 19:07:48 +0000 2018,0.66,0.241,0.759,0.0
113,@cbs,"Don't miss @littlebigtown's amazing performance of @eltonofficial's ""Rocket Man"" under the big spotlight at Elton J‚Ä¶ https://t.co/bqse7nhkV3",Thu Apr 05 17:00:00 +0000 2018,-0.388,0.074,0.769,0.157
114,@cbs,Today's biggest stars are celebrating @EltonJohn's most beloved and legendary catalogue of hits with two albums dro‚Ä¶ https://t.co/cilUdkKtjQ,Wed Apr 04 22:07:01 +0000 2018,0.807,0.313,0.687,0.0
115,@cbs,"RT @LifeInPiecesCBS: We ""literally can't even"" with how hilarious these #LifeInPieces outtakes are! üòÇ

Introducing Laughing To Pieces! Foll‚Ä¶",Wed Apr 04 21:48:07 +0000 2018,0.757,0.288,0.712,0.0
116,@cbs,"RT @YoungSheldon: Don't miss guest star @Followtheblonde in tomorrow's all-new #YoungSheldon! Trust us, you're going to love every minute.‚Ä¶",Wed Apr 04 21:47:26 +0000 2018,0.85,0.366,0.634,0.0
117,@cbs,RT @MomCBS: Tomorrow's episode of #Mom is going to be a doggone good one! https://t.co/e1WI3uOxVg,Wed Apr 04 21:46:13 +0000 2018,0.493,0.197,0.803,0.0
118,@cbs,RT @survivorcbs: There's a lot at stake when competing for actual steak. Get a glimpse at an all-new #Survivor: Ghost Island at 8/7c on CBS‚Ä¶,Wed Apr 04 21:44:17 +0000 2018,-0.318,0.0,0.905,0.095
119,@cbs,RT @TVLine: #LifeInPieces Sneak Peek: Sophia and Her Stuffed Toys Stage a Musical¬†Protest https://t.co/r16SLZlZPc,Wed Apr 04 18:02:13 +0000 2018,-0.25,0.0,0.867,0.133
120,@cbs,It's time to celebrate! @MomCBS will be back for Season 6! https://t.co/ianxp6JWHq,Mon Apr 09 01:42:06 +0000 2018,0.647,0.28,0.72,0.0
121,@cbs,@OldDominion's Matthew Ramsey is here with a friendly reminder - Country Music‚Äôs Party Of The Year¬Æ is just seven d‚Ä¶ https://t.co/SFnXxQLoPN,Sun Apr 08 22:00:01 +0000 2018,0.71,0.258,0.742,0.0
122,@cbs,It all comes down to this! Stream Round 4 of #TheMasters Tournament on CBS live with a free trial of CBS All Access‚Ä¶ https://t.co/mNFSAUkLvZ,Sun Apr 08 18:38:13 +0000 2018,0.556,0.146,0.854,0.0
123,@cbs,"@reba is ready for her hosting duties! In just one week, watch her take the stage at the 53rd #ACMawards. Tune in A‚Ä¶ https://t.co/TmjezmqPme",Sun Apr 08 15:00:00 +0000 2018,0.42,0.108,0.892,0.0
124,@cbs,Watch some of the biggest names in golf compete in one of the greatest tournaments of the year! Stream #TheMasters‚Ä¶ https://t.co/e8kbkSLx5k,Sat Apr 07 19:35:08 +0000 2018,0.67,0.183,0.817,0.0
125,@cbs,Tonight's the night! Here's a behind-the-scenes look at season 2 of @RansomCBS before the big premiere. Tune in at‚Ä¶ https://t.co/WtRHvufO7H,Sat Apr 07 18:28:03 +0000 2018,0.0,0.0,1.0,0.0
126,@cbs,What song will @DierksBentley belt out when he takes the stage to perform at the 53rd #ACMawards? Get ready to sing‚Ä¶ https://t.co/oEtKJnKQVn,Sat Apr 07 16:30:02 +0000 2018,0.361,0.106,0.894,0.0
127,@cbs,"@johnlegend, @mirandalambert, @KeshaRose, and more perform @eltonofficial's hit songs! Watch Elton John: I'm Still‚Ä¶ https://t.co/VF3hf8OCT7",Sat Apr 07 15:31:12 +0000 2018,0.0,0.0,1.0,0.0
128,@cbs,Ask 53rd ACM Awards¬Æ host @reba a question and she just may answer it on April 11 at 5:30p ET/2:30p PT when she tak‚Ä¶ https://t.co/DAa5gQS8oX,Fri Apr 06 21:10:18 +0000 2018,0.0,0.0,1.0,0.0
129,@cbs,What‚Äôs @eltonofficial's birth name and which of his songs holds the record for biggest selling single of all time?‚Ä¶ https://t.co/N5qkMYCE7e,Fri Apr 06 17:00:00 +0000 2018,0.0,0.0,1.0,0.0
130,@cbs,Do you have a question for country music legend and host of the 53rd ACM Awards¬Æ @reba? Write it below for a chance‚Ä¶ https://t.co/yVVDVFpxDM,Fri Apr 06 13:45:00 +0000 2018,0.0,0.0,1.0,0.0
131,@cbs,How well do you know The Academy of Country Music Awards‚Ñ¢? Test your knowledge of Country Music‚Äôs Party of the Year‚Ä¶ https://t.co/lfWAcvAbZa,Thu Apr 05 21:44:00 +0000 2018,0.586,0.194,0.806,0.0
132,@cbs,"RT @CodeBlackCBS: The intensity and emotions of your favorite show are returning to @CBS in 3 weeks.

Get excited. https://t.co/aGUNIPwRjh",Thu Apr 05 19:07:48 +0000 2018,0.66,0.241,0.759,0.0
133,@cbs,"Don't miss @littlebigtown's amazing performance of @eltonofficial's ""Rocket Man"" under the big spotlight at Elton J‚Ä¶ https://t.co/bqse7nhkV3",Thu Apr 05 17:00:00 +0000 2018,-0.388,0.074,0.769,0.157
134,@cbs,Today's biggest stars are celebrating @EltonJohn's most beloved and legendary catalogue of hits with two albums dro‚Ä¶ https://t.co/cilUdkKtjQ,Wed Apr 04 22:07:01 +0000 2018,0.807,0.313,0.687,0.0
135,@cbs,"RT @LifeInPiecesCBS: We ""literally can't even"" with how hilarious these #LifeInPieces outtakes are! üòÇ

Introducing Laughing To Pieces! Foll‚Ä¶",Wed Apr 04 21:48:07 +0000 2018,0.757,0.288,0.712,0.0
136,@cbs,"RT @YoungSheldon: Don't miss guest star @Followtheblonde in tomorrow's all-new #YoungSheldon! Trust us, you're going to love every minute.‚Ä¶",Wed Apr 04 21:47:26 +0000 2018,0.85,0.366,0.634,0.0
137,@cbs,RT @MomCBS: Tomorrow's episode of #Mom is going to be a doggone good one! https://t.co/e1WI3uOxVg,Wed Apr 04 21:46:13 +0000 2018,0.493,0.197,0.803,0.0
138,@cbs,RT @survivorcbs: There's a lot at stake when competing for actual steak. Get a glimpse at an all-new #Survivor: Ghost Island at 8/7c on CBS‚Ä¶,Wed Apr 04 21:44:17 +0000 2018,-0.318,0.0,0.905,0.095
139,@cbs,RT @TVLine: #LifeInPieces Sneak Peek: Sophia and Her Stuffed Toys Stage a Musical¬†Protest https://t.co/r16SLZlZPc,Wed Apr 04 18:02:13 +0000 2018,-0.25,0.0,0.867,0.133
140,@cbs,Whose catchy tune will take Song Of The Year at the 53rd #ACMawards? Give it up for the four nominees -‚Ä¶ https://t.co/R9MtUNZtsw,Tue Apr 03 23:00:00 +0000 2018,0.0,0.0,1.0,0.0
141,@cbs,"Here's everything you need to know before tuning into Elton John: I'm Still Standing - A GRAMMY¬Æ Salute on Tuesday,‚Ä¶ https://t.co/C8fiKl4j98",Tue Apr 03 21:00:02 +0000 2018,0.0,0.0,1.0,0.0
142,@cbs,"In just one week, @eltonofficial and today's hottest stars in music will join together to celebrate Elton's countle‚Ä¶ https://t.co/ACQGHNWz8u",Tue Apr 03 18:00:00 +0000 2018,0.71,0.258,0.742,0.0
143,@cbs,Tonight we #LightItUpBlue for greater understanding and acceptance. CBS supports #WorldAutismAwarenessDay by lighti‚Ä¶ https://t.co/hBAXcDvP4r,Tue Apr 03 05:17:01 +0000 2018,0.791,0.421,0.579,0.0
144,@cbs,No one does it quite like @eltonofficial. The artist himself will belt out some of his chart-topping hits on Elton‚Ä¶ https://t.co/ckY4bUvTXI,Mon Apr 02 17:30:00 +0000 2018,0.151,0.116,0.792,0.092
145,@cbs,The Las Vegas strip is about to light up brighter than ever before when Country Music‚Äôs Party Of The Year¬Æ takes ov‚Ä¶ https://t.co/j1A2ZVHAoO,Sun Apr 01 17:00:03 +0000 2018,0.649,0.202,0.798,0.0
146,@cbs,"‚ÄúIf you don‚Äôt do something about it, then who are you? ‚Ä¶ It can happen to anyone.‚Äù - @aplusk 

Tonight at 10/9c, a‚Ä¶ https://t.co/EQabNc1UZI",Sat Mar 31 18:00:00 +0000 2018,0.0,0.0,1.0,0.0
147,@cbs,Give it up for @KelseaBallerini! This star is one of the Female Vocalist Of The Year nominees and she's ready to ta‚Ä¶ https://t.co/wLyHwkEGs2,Sat Mar 31 15:30:00 +0000 2018,0.42,0.113,0.887,0.0
148,@cbs,Take and post a photo of the woman in your life who inspires you! The photo should only have one person against a n‚Ä¶ https://t.co/BHdxXlWfKP,Fri Mar 30 16:50:00 +0000 2018,0.493,0.127,0.873,0.0
149,@cbs,"Expect epic performances by @kanebrown , @kelly_clarkson, @OfficialJackson, and more at this year's 53rd #ACMawards‚Ä¶ https://t.co/3yso7Z0cjv",Thu Mar 29 17:32:40 +0000 2018,0.0,0.0,1.0,0.0
150,@cbs,"Will @HIGHVALLEY, @LancoMusic, @LOCASHmusic, @MidlandOfficial, or @runawayjune be named New Vocal Duo Or Group Of T‚Ä¶ https://t.co/v0QIPLC47R",Thu Mar 29 17:30:02 +0000 2018,0.0,0.0,1.0,0.0
151,@cbs,Count on Entertainer Of The Year nominee @LukeBryanOnline to crash the party with an epic performance at the 53rd‚Ä¶ https://t.co/27ua60HTqu,Tue Mar 27 21:00:01 +0000 2018,0.382,0.212,0.68,0.108
152,@cbs,Join @eltonofficial and some of today's hottest names in music when they take the stage to perform his most memorab‚Ä¶ https://t.co/jz0jaShZIj,Tue Mar 27 17:00:00 +0000 2018,0.296,0.099,0.901,0.0
153,@cbs,"RT @ACMawards: The ACM for New Vocal Group of the Year goes to @MidlandOfficial! And yes, that really was @Reba on the phone! #ACMawards ht‚Ä¶",Mon Mar 26 22:14:25 +0000 2018,0.508,0.12,0.88,0.0
154,@cbs,"RT @ACMawards: In case you didn‚Äôt know, the ACM for New Male Vocalist of the Year goes to @BrettYoungMusic. Check out his reaction when @Re‚Ä¶",Mon Mar 26 20:42:48 +0000 2018,0.0,0.0,1.0,0.0
155,@cbs,RT @ACMawards: Over the weekend @Reba called the ACM New Artist of the Year winners to let them know they had won! Let‚Äôs just say our New F‚Ä¶,Mon Mar 26 16:59:19 +0000 2018,0.796,0.214,0.786,0.0
156,@cbs,"Congratulations to the 53rd #ACMawards New Artist winners @Lauren_Alaina, @MidlandOfficial, and @BrettYoungMusic! W‚Ä¶ https://t.co/Fr8H4arwGj",Mon Mar 26 16:05:18 +0000 2018,0.807,0.378,0.622,0.0
157,@cbs,New start times in East/Central Time Zones #60Minutes 7:35ET/6:35CT #Instinct  8:35ET/7:35CT #NCISLA 9:35ET/8:35CT‚Ä¶ https://t.co/8W5hAeLrvs,Sun Mar 25 23:57:34 +0000 2018,0.0,0.0,1.0,0.0
158,@cbs,Don‚Äôt miss a minute of the action. Stream the¬†Elite Eight¬Æ¬†games LIVE today starting at 2PM ET with a FREE trial of‚Ä¶ https://t.co/8NwU8HdiHR,Sun Mar 25 17:15:25 +0000 2018,0.532,0.157,0.78,0.062
159,@cbs,RT @MomCBS: That's a wrap on the #Mom panel at #PaleyFest! Thanks for following along! https://t.co/we4JgqPt6P,Sat Mar 24 22:46:53 +0000 2018,0.54,0.199,0.801,0.0
160,@cbs,RT @MomCBS: A fan just commented that #Mom helped bring him out of a deep depression. üíúüíúüíú #PaleyFest,Sat Mar 24 22:46:43 +0000 2018,-0.34,0.115,0.7,0.185
161,@cbs,"RT @MomCBS: ""Go out for it anyway. If you're good for the role, you're good for the role."" @theJaimePressly's advice for aspiring actors wi‚Ä¶",Sat Mar 24 22:25:03 +0000 2018,0.7,0.209,0.791,0.0
162,@cbs,RT @MomCBS: Mom Co-Creator @GemmaRBaker just pointed out her own #Mom in the audience at #PaleyFest! üíú,Sat Mar 24 22:21:37 +0000 2018,0.0,0.0,1.0,0.0
163,@cbs,"RT @MomCBS: ""I'm not someone in recovery who goes to AA, but I have taken so much away from it...to take one day at a time."" - @theJaimePre‚Ä¶",Sat Mar 24 22:21:34 +0000 2018,0.0,0.0,1.0,0.0
164,@cbs,"RT @MomCBS: ""You get to appreciate working with such talented people."" - @AnnaKFaris #Mom #PaleyFest",Sat Mar 24 22:21:26 +0000 2018,0.718,0.333,0.667,0.0
165,@cbs,RT @MomCBS: ‚ÄúI love this job. I love working with these women. I love working in front of the live audience‚Ä¶ It‚Äôs alive and it‚Äôs fun.‚Äù - @A‚Ä¶,Sat Mar 24 22:21:23 +0000 2018,0.945,0.42,0.58,0.0
166,@cbs,"Get on your feet for @Jason_Aldean, @ThomasRhett, @ChrisStapleton, @KeithUrban, and @ChrisYoungMusic, the five nomi‚Ä¶ https://t.co/oT5ogjdj4x",Sat Mar 24 20:00:02 +0000 2018,0.0,0.0,1.0,0.0
167,@cbs,Get ready for some sweet games! Stream #5 Clemson vs #1 Kansas LIVE at 7PM ET and #11 Syracuse vs #2 Duke LIVE at 9‚Ä¶ https://t.co/4WstgrKNnW,Fri Mar 23 22:33:52 +0000 2018,0.7,0.194,0.806,0.0
168,@cbs,RT @SEALTeamCBS: In honor of #NationalPuppyDay... üòç #SEALTeam https://t.co/4mIZPpiRlU,Fri Mar 23 22:33:04 +0000 2018,0.494,0.314,0.686,0.0
169,@cbs,"RT @HawaiiFive0CBS: Nothing like a man and his dog! üòçüê∂ Happy #NationalPuppyDay to Eddie, the best pup on the Five-0 Task Force! #H50 https:‚Ä¶",Fri Mar 23 22:32:48 +0000 2018,0.9,0.355,0.645,0.0
170,@cbs,Game on! 16 teams left and the race to the finish continues tonight. Stream #11 Loyola-Chicago vs #7 Nevada LIVE at‚Ä¶ https://t.co/W374rmzzoC,Thu Mar 22 22:10:29 +0000 2018,0.0,0.0,1.0,0.0
171,@cbs,Save the date! These are season finales you do NOT want to miss. RT if you're excited! https://t.co/UUQoWsPPSh https://t.co/cDl4WmxMtU,Thu Mar 22 20:52:02 +0000 2018,0.708,0.311,0.623,0.066
172,@cbs,Congratulations to all of the @CBSDaytime nominees for the #DaytimeEmmys! See the full list of #DaytimeEmmy nominee‚Ä¶ https://t.co/ivJVJWvfsf,Thu Mar 22 00:23:38 +0000 2018,0.636,0.198,0.802,0.0
173,@cbs,Female Vocalist Of The Year nominee @MarenMorris will show her fans how it‚Äôs done when she takes the stage to showc‚Ä¶ https://t.co/PITjmAoFT8,Wed Mar 21 18:00:01 +0000 2018,0.0,0.0,1.0,0.0
174,@cbs,The legendary @Reba returns to host the 53rd #ACMawards and she‚Äôs proving just how comfortable she is behind the mi‚Ä¶ https://t.co/XPXcSPRXqC,Tue Mar 20 20:00:01 +0000 2018,0.511,0.142,0.858,0.0
175,@cbs,RT @nancyodell: Told my daughter I'd be presenting at @ACMawards again this year. (Woot woot!We both luv country music!)She took this pic o‚Ä¶,Tue Mar 20 17:58:43 +0000 2018,0.0,0.0,1.0,0.0
176,@cbs,RT @ladyantebellum: Ecstatic to announce we'll be performing at the #ACMawards in Las Vegas again this year! https://t.co/Qfhs94j6FR,Tue Mar 20 16:52:42 +0000 2018,0.556,0.174,0.826,0.0
177,@cbs,"Country superstars @kennychesney, @ladyantebellum, @blakeshelton, and @KeithUrban have just been added to the stell‚Ä¶ https://t.co/bJ4If7MacP",Tue Mar 20 16:11:00 +0000 2018,0.0,0.0,1.0,0.0
178,@cbs,"RT @YandR_CBS: Forever evolving, Forever inspiring, Forever Young and Restless. ‚ù§Ô∏è Get ready to celebrate 45 years of #YR starting in just‚Ä¶",Mon Mar 19 21:02:26 +0000 2018,0.784,0.309,0.619,0.072
179,@cbs,New start times in East/Central Time Zones: #60Minutes 7:37ET/6:37CT #Instinct series premiere 8:37ET/7:37CT‚Ä¶ https://t.co/xT3YKqmu2M,Sun Mar 18 23:44:30 +0000 2018,0.0,0.0,1.0,0.0
180,@cbs,Spend your Sunday streaming Second Round games LIVE with a FREE trial of CBS All Access! https://t.co/3P85rXLy4b https://t.co/zbWfirD9Ju,Sun Mar 18 18:05:43 +0000 2018,0.651,0.213,0.787,0.0
181,@cbs,"RT @instinctcbs: TONIGHT, Dr. Dylan Reinhart rewrites the book on abnormal behavior. Don't miss the premiere of #Instinct at 8/7c! https://‚Ä¶",Sun Mar 18 17:09:53 +0000 2018,0.187,0.08,0.92,0.0
182,@cbs,"If any duo knows how to rock the stage, it's @FLAGALine. The Vocal Duo Of The Year nominee will perform live at the‚Ä¶ https://t.co/FknabB8NQp",Sat Mar 17 19:00:02 +0000 2018,0.0,0.0,1.0,0.0
183,@cbs,How is your bracket looking after last night? Stream Second Round games LIVE today with a FREE trial of CBS All Acc‚Ä¶ https://t.co/25JlIpgwog,Sat Mar 17 17:42:43 +0000 2018,0.617,0.161,0.839,0.0
184,@cbs,Where better to spend #StPatricksDay than the place everybody knows your name? It‚Äôs just your luck that every singl‚Ä¶ https://t.co/Fom5wmdENL,Sat Mar 17 14:00:03 +0000 2018,0.71,0.247,0.753,0.0
185,@cbs,Stars @JakeMcDorman and Nik Dodani will join the cast in the upcoming revival of Murphy Brown coming to CBS.‚Ä¶ https://t.co/JCAx29lo0i,Fri Mar 16 22:53:21 +0000 2018,0.296,0.104,0.896,0.0
186,@cbs,"RT @thegoodfight: Go behind the scenes with costume designer @DanLawsonStyle in ""Behind The Style,"" a new weekly video series all about the‚Ä¶",Fri Mar 16 18:15:53 +0000 2018,0.0,0.0,1.0,0.0
187,@cbs,The games have just begun! Continue to stream First Round games LIVE today with a FREE trial of CBS All Access:‚Ä¶ https://t.co/YTGsJ48zYP,Fri Mar 16 16:28:40 +0000 2018,0.651,0.178,0.822,0.0
188,@cbs,"RT @TheTalkCBS: You asked, we answered! The fun never ends when the ladies #KeepTalking and answer your fan questions üó£üí¨‚û°Ô∏è https://t.co/ie1‚Ä¶",Thu Mar 15 17:54:06 +0000 2018,0.709,0.237,0.763,0.0
189,@cbs,RT @instinctcbs: Dr. Dylan Reinhart is lured back into the field from his life of quiet academia when a certain serial killer makes things‚Ä¶,Thu Mar 15 17:20:26 +0000 2018,-0.494,0.077,0.766,0.157
190,@cbs,Stream First Round games LIVE today starting at 12PM ET with a FREE trial of CBS All Access! https://t.co/3P85rXLy4b https://t.co/vZow3YD8cb,Thu Mar 15 16:42:41 +0000 2018,0.651,0.194,0.806,0.0
191,@cbs,RT @CBSSports: It's the most wonderful time of the year. #MarchMadness https://t.co/e4c9qohqSR,Thu Mar 15 14:32:16 +0000 2018,0.612,0.266,0.734,0.0
192,@cbs,"Give these ladies some love! @Lauren_Alaina, @DBradbery, @carlypearce, and @RaeLynn are nominated for New Female Vo‚Ä¶ https://t.co/IVhwURfJ3S",Wed Mar 14 19:30:01 +0000 2018,0.67,0.219,0.781,0.0
193,@cbs,"RT @ManWithAPlan: Hungry for more #ManWithAPlan bloopers and behind-the-scenes videos featuring cast like @matt_leblanc, @thelizasnyder, @k‚Ä¶",Tue Mar 13 18:48:52 +0000 2018,0.361,0.143,0.857,0.0
194,@cbs,"Music stars @MileyCyrus, @edsheeran, @ladygaga, and more will honor the legendary @eltonofficial and his hit songs‚Ä¶ https://t.co/UzxARCCLnI",Tue Mar 13 14:15:10 +0000 2018,0.539,0.179,0.821,0.0
195,@cbs,RT @thegoodfight: The verdict is in. The new season of #TheGoodFight is üî•üî•üî•! Stream it now on CBS All Access: https://t.co/FkYSNSXlRb https‚Ä¶,Mon Mar 12 18:13:28 +0000 2018,0.224,0.083,0.917,0.0
196,@cbs,"RT @MadamSecretary: In less than an hour, #MadamSecretary's Keith Carradine will be taking over the @MadamSecretary Twitter page! Tweet alo‚Ä¶",Mon Mar 12 01:20:43 +0000 2018,0.0,0.0,1.0,0.0
197,@cbs,RT @DierksBentley: Take and post a photo of the woman in your life who inspires you daily! Use the hashtag #WomanAmenACM in your post for a‚Ä¶,Fri Mar 09 22:48:26 +0000 2018,0.493,0.117,0.883,0.0
198,@cbs,"RT @MomCBS: If you missed guest star @KChenoweth in the latest episode of #Mom, not to worry! Watch now: https://t.co/RlvXoGOZ0l https://t.‚Ä¶",Fri Mar 09 22:24:20 +0000 2018,0.128,0.113,0.795,0.092
199,@cbs,"Give a round of applause to @KelseaBallerini, @MirandaLambert, @Reba, @MarenMorris, and @CarrieUnderwood, the five‚Ä¶ https://t.co/Ncp1BTXx6N",Fri Mar 09 21:10:21 +0000 2018,0.422,0.177,0.823,0.0
200,@cnn,"The US denied attacking a Syrian airfield on Sunday, hours after President Donald Trump tweeted ""Animal Assad"" woul‚Ä¶ https://t.co/ypEAcGrkps",Mon Apr 09 02:36:02 +0000 2018,-0.71,0.0,0.731,0.269
201,@cnn,"New York Times top editor on journalism's ""biggest crisis"" https://t.co/AUinjW6v54 https://t.co/jd7p1geqmx",Mon Apr 09 02:30:04 +0000 2018,-0.511,0.121,0.604,0.275
202,@cnn,"""Black Panther"" passes ""Titanic"" at the box office https://t.co/njHZ5QuKql https://t.co/wnYV0zmxgi",Mon Apr 09 02:17:59 +0000 2018,0.0,0.0,1.0,0.0
203,@cnn,Here's everything you need to know about the US-China trade battle https://t.co/gJXyKfRohQ https://t.co/BP2MD4s8X0,Mon Apr 09 02:05:04 +0000 2018,-0.382,0.0,0.822,0.178
204,@cnn,Designing for hedonists: The evolution of nightclub interiors https://t.co/WzAKmgoAGR via @CNNStyle https://t.co/c1JMgQI6b1,Mon Apr 09 01:57:03 +0000 2018,0.0,0.0,1.0,0.0
205,@cnn,"Stormy Daniels' attorney has once again filed a motion to depose President Donald Trump and his lawyer, Michael Coh‚Ä¶ https://t.co/L3hMkc6fPH",Mon Apr 09 01:45:42 +0000 2018,0.0,0.0,1.0,0.0
206,@cnn,Beyond Tokyo: 8 of Japan's best foodie destinations https://t.co/IDp7V1mQZt via @CNNTravel https://t.co/FAQXM3gwdH,Mon Apr 09 01:34:05 +0000 2018,0.637,0.296,0.704,0.0
207,@cnn,Jimmy Kimmel apologizes for jabs at Fox News host Sean Hannity https://t.co/EPIZTD4nhI https://t.co/UOB2GCuJTS,Mon Apr 09 01:30:07 +0000 2018,0.361,0.172,0.828,0.0
208,@cnn,Cambridge Analytica whistleblower says data could've come from more than 87 million users and be stored in Russia‚Ä¶ https://t.co/Ej1Tue15bq,Mon Apr 09 01:22:38 +0000 2018,0.0,0.0,1.0,0.0
209,@cnn,"New Trump adviser is ""not much of a carrot man"" https://t.co/Z53CxQc8cE | via @CNNopinion https://t.co/RRtck6hC7Z",Mon Apr 09 01:00:13 +0000 2018,0.0,0.0,1.0,0.0
210,@cnn,"""Fittest woman on earth"" wins gold medal after family tragedy https://t.co/tn9oLryfxc https://t.co/oQe1NTxvTS",Mon Apr 09 00:50:07 +0000 2018,0.34,0.337,0.446,0.218
211,@cnn,This 16-year-old from India won the 10-meter air pistol competition despite only picking up a pistol for the first‚Ä¶ https://t.co/kOCqrBlxW5,Mon Apr 09 00:41:08 +0000 2018,0.572,0.171,0.829,0.0
212,@cnn,Sebastian Vettel wins Bahrain Grand Prix after mechanic hit by Ferrari car https://t.co/Qb23kgLrJs https://t.co/BPZQKJj82e,Mon Apr 09 00:30:09 +0000 2018,0.772,0.358,0.642,0.0
213,@cnn,"Muenster van attack driver acted alone, police say https://t.co/P36RmkLlJf https://t.co/DLIIHURxvF",Mon Apr 09 00:21:05 +0000 2018,-0.625,0.0,0.611,0.389
214,@cnn,"Seven US service members died in four noncombat-related air crashes in just four days, prompting concern over readi‚Ä¶ https://t.co/hilVAfsHUW",Mon Apr 09 00:08:05 +0000 2018,-0.557,0.0,0.833,0.167
215,@cnn,Former Joint Chiefs chairman worries about generals in President Trump's White House https://t.co/v1RGxKgrRW https://t.co/dSptKGHJ06,Mon Apr 09 00:00:04 +0000 2018,-0.422,0.0,0.823,0.177
216,@cnn,The countries with the two biggest economies are threatening huge tariffs against one another as the world waits an‚Ä¶ https://t.co/yHeTVzp95a,Sun Apr 08 23:56:59 +0000 2018,-0.273,0.097,0.759,0.143
217,@cnn,"China has not wanted to 'talk in earnest,' top Trump economist says https://t.co/Qmb7XDtQfr https://t.co/v1ifOhkBln",Sun Apr 08 23:43:06 +0000 2018,0.202,0.122,0.878,0.0
218,@cnn,"""A Quiet Place"" leads box office as horror keeps making noise https://t.co/LkY7pKca2u https://t.co/L68gDDrjUG",Sun Apr 08 23:30:09 +0000 2018,-0.572,0.0,0.764,0.236
219,@cnn,"Republican Rep. Trey Gowdy, the House Oversight Committee chairman, accuses the Department of Justice of stonewalli‚Ä¶ https://t.co/NrZl20tF4g",Sun Apr 08 23:00:15 +0000 2018,0.25,0.163,0.721,0.115
220,@cnn,"The US denied attacking a Syrian airfield on Sunday, hours after President Donald Trump tweeted ""Animal Assad"" woul‚Ä¶ https://t.co/ypEAcGrkps",Mon Apr 09 02:36:02 +0000 2018,-0.71,0.0,0.731,0.269
221,@cnn,"New York Times top editor on journalism's ""biggest crisis"" https://t.co/AUinjW6v54 https://t.co/jd7p1geqmx",Mon Apr 09 02:30:04 +0000 2018,-0.511,0.121,0.604,0.275
222,@cnn,"""Black Panther"" passes ""Titanic"" at the box office https://t.co/njHZ5QuKql https://t.co/wnYV0zmxgi",Mon Apr 09 02:17:59 +0000 2018,0.0,0.0,1.0,0.0
223,@cnn,Here's everything you need to know about the US-China trade battle https://t.co/gJXyKfRohQ https://t.co/BP2MD4s8X0,Mon Apr 09 02:05:04 +0000 2018,-0.382,0.0,0.822,0.178
224,@cnn,Designing for hedonists: The evolution of nightclub interiors https://t.co/WzAKmgoAGR via @CNNStyle https://t.co/c1JMgQI6b1,Mon Apr 09 01:57:03 +0000 2018,0.0,0.0,1.0,0.0
225,@cnn,"Stormy Daniels' attorney has once again filed a motion to depose President Donald Trump and his lawyer, Michael Coh‚Ä¶ https://t.co/L3hMkc6fPH",Mon Apr 09 01:45:42 +0000 2018,0.0,0.0,1.0,0.0
226,@cnn,Beyond Tokyo: 8 of Japan's best foodie destinations https://t.co/IDp7V1mQZt via @CNNTravel https://t.co/FAQXM3gwdH,Mon Apr 09 01:34:05 +0000 2018,0.637,0.296,0.704,0.0
227,@cnn,Jimmy Kimmel apologizes for jabs at Fox News host Sean Hannity https://t.co/EPIZTD4nhI https://t.co/UOB2GCuJTS,Mon Apr 09 01:30:07 +0000 2018,0.361,0.172,0.828,0.0
228,@cnn,Cambridge Analytica whistleblower says data could've come from more than 87 million users and be stored in Russia‚Ä¶ https://t.co/Ej1Tue15bq,Mon Apr 09 01:22:38 +0000 2018,0.0,0.0,1.0,0.0
229,@cnn,"New Trump adviser is ""not much of a carrot man"" https://t.co/Z53CxQc8cE | via @CNNopinion https://t.co/RRtck6hC7Z",Mon Apr 09 01:00:13 +0000 2018,0.0,0.0,1.0,0.0
230,@cnn,"""Fittest woman on earth"" wins gold medal after family tragedy https://t.co/tn9oLryfxc https://t.co/oQe1NTxvTS",Mon Apr 09 00:50:07 +0000 2018,0.34,0.337,0.446,0.218
231,@cnn,This 16-year-old from India won the 10-meter air pistol competition despite only picking up a pistol for the first‚Ä¶ https://t.co/kOCqrBlxW5,Mon Apr 09 00:41:08 +0000 2018,0.572,0.171,0.829,0.0
232,@cnn,Sebastian Vettel wins Bahrain Grand Prix after mechanic hit by Ferrari car https://t.co/Qb23kgLrJs https://t.co/BPZQKJj82e,Mon Apr 09 00:30:09 +0000 2018,0.772,0.358,0.642,0.0
233,@cnn,"Muenster van attack driver acted alone, police say https://t.co/P36RmkLlJf https://t.co/DLIIHURxvF",Mon Apr 09 00:21:05 +0000 2018,-0.625,0.0,0.611,0.389
234,@cnn,"Seven US service members died in four noncombat-related air crashes in just four days, prompting concern over readi‚Ä¶ https://t.co/hilVAfsHUW",Mon Apr 09 00:08:05 +0000 2018,-0.557,0.0,0.833,0.167
235,@cnn,Former Joint Chiefs chairman worries about generals in President Trump's White House https://t.co/v1RGxKgrRW https://t.co/dSptKGHJ06,Mon Apr 09 00:00:04 +0000 2018,-0.422,0.0,0.823,0.177
236,@cnn,The countries with the two biggest economies are threatening huge tariffs against one another as the world waits an‚Ä¶ https://t.co/yHeTVzp95a,Sun Apr 08 23:56:59 +0000 2018,-0.273,0.097,0.759,0.143
237,@cnn,"China has not wanted to 'talk in earnest,' top Trump economist says https://t.co/Qmb7XDtQfr https://t.co/v1ifOhkBln",Sun Apr 08 23:43:06 +0000 2018,0.202,0.122,0.878,0.0
238,@cnn,"""A Quiet Place"" leads box office as horror keeps making noise https://t.co/LkY7pKca2u https://t.co/L68gDDrjUG",Sun Apr 08 23:30:09 +0000 2018,-0.572,0.0,0.764,0.236
239,@cnn,"Republican Rep. Trey Gowdy, the House Oversight Committee chairman, accuses the Department of Justice of stonewalli‚Ä¶ https://t.co/NrZl20tF4g",Sun Apr 08 23:00:15 +0000 2018,0.25,0.163,0.721,0.115
240,@cnn,Patrick Reed has finished at 15-under-par 273 to win the Masters by one stroke over Rickie Fowler. It's his first m‚Ä¶ https://t.co/XzQ0HJRjXv,Sun Apr 08 22:52:07 +0000 2018,0.586,0.153,0.847,0.0
241,@cnn,"""Fittest woman on earth"" wins gold medal after family tragedy https://t.co/ggWpSE11Tc https://t.co/vkochjbLHE",Sun Apr 08 22:45:06 +0000 2018,0.34,0.337,0.446,0.218
242,@cnn,"A year after the US attacked Syria, what's changed? https://t.co/KLxFWSs77Y https://t.co/u0Vxpoyq4n",Sun Apr 08 22:30:15 +0000 2018,-0.459,0.0,0.75,0.25
243,@cnn,Inside the Houston House runoff that Democrats everywhere are watching https://t.co/MPyhLRhe4l https://t.co/OQQweUmA5V,Sun Apr 08 22:15:05 +0000 2018,0.0,0.0,1.0,0.0
244,@cnn,Dozens have died in a possible gas attack in Syria https://t.co/zWdPqd4SXa https://t.co/IuyQqaQQvg,Sun Apr 08 22:00:10 +0000 2018,-0.772,0.0,0.573,0.427
245,@cnn,Body found in ocean near site of Hart family crash https://t.co/iMioXi2ikE https://t.co/0IBrFFI01v,Sun Apr 08 21:45:04 +0000 2018,-0.402,0.0,0.803,0.197
246,@cnn,"""Scott is doing a great job!"" President Trump defends embattled Environmental Protection Agency administrator Scott‚Ä¶ https://t.co/AvNWuWPcmu",Sun Apr 08 21:30:04 +0000 2018,0.659,0.239,0.761,0.0
247,@cnn,"White House chief of staff John Kelly's influence in the White House is diminishing, The Washington Post reports‚Ä¶ https://t.co/0mV0jbbeUT",Sun Apr 08 21:15:07 +0000 2018,0.0,0.0,1.0,0.0
248,@cnn,"Musician and National Rifle Association board member Ted Nugent likens Democrats, media, academics to ""rabid coyote‚Ä¶ https://t.co/Bjd7RA2vOj",Sun Apr 08 21:00:07 +0000 2018,0.0,0.0,1.0,0.0
249,@cnn,"Lightning strike kills 1, injures 4 in Florida https://t.co/EWeVc4RN27 https://t.co/oN64XlUtqB",Sun Apr 08 20:45:06 +0000 2018,-0.612,0.0,0.583,0.417
250,@cnn,"Pilots had safety concerns months before NYC helicopter crash, lawyer says https://t.co/cdjCClnp82 https://t.co/3zyIYoHmMo",Sun Apr 08 20:30:08 +0000 2018,0.026,0.17,0.667,0.164
251,@cnn,Polls open as Hungary's Euroskeptic leader Orban seeks fourth term https://t.co/4CL9j8UXkF https://t.co/M08G460BIC,Sun Apr 08 20:15:04 +0000 2018,0.0,0.0,1.0,0.0
252,@cnn,"""Saturday Night Live"" returns to take shots at President Trump and Fox News https://t.co/SjH2wwaAfK https://t.co/a7ubQUY5kP",Sun Apr 08 20:00:18 +0000 2018,0.0,0.0,1.0,0.0
253,@cnn,It's the great what if in political history. What if RFK‚Äôs political career had not been cut short by tragedy?‚Ä¶ https://t.co/oeKAwpn78t,Sun Apr 08 19:45:18 +0000 2018,0.711,0.237,0.763,0.0
254,@cnn,Cambridge Analytica whistleblower says data could've come from more than 87 million users and be stored in Russia‚Ä¶ https://t.co/tKe0hZi5hH,Sun Apr 08 19:30:06 +0000 2018,0.0,0.0,1.0,0.0
255,@cnn,Hockey community grieves after 15 killed in bus crash involving Canadian junior hockey team https://t.co/m79DKnL27v https://t.co/bCJwCQMwsw,Sun Apr 08 19:15:07 +0000 2018,-0.883,0.0,0.558,0.442
256,@cnn,Take a look at the week in politics https://t.co/gh3kvCmRB9 https://t.co/cq6Dbu1uLE,Sun Apr 08 19:00:10 +0000 2018,0.0,0.0,1.0,0.0
257,@cnn,JPMorgan Chase and other big banks take center stage https://t.co/lnX1KxEvA0 https://t.co/hF7c1W2ihF,Sun Apr 08 18:45:03 +0000 2018,0.0,0.0,1.0,0.0
258,@cnn,"""Black Panther"" passes ""Titanic"" at the box office https://t.co/8WgQH7sDJI https://t.co/xJA0PQLPe1",Sun Apr 08 18:30:05 +0000 2018,0.0,0.0,1.0,0.0
259,@cnn,Equestrian Edwina Tops-Alexander returns from maternity leave with win in Miami Beach https://t.co/BQMOqCAmSb https://t.co/MAYLPz2CKi,Sun Apr 08 18:15:07 +0000 2018,0.557,0.224,0.706,0.071
260,@cnn,Democratic Sens. Bernie Sanders and Kamala Harris crossed the base. What will it cost them? https://t.co/JCUtpuoRJ5‚Ä¶ https://t.co/YQ6nurrcLd,Sun Apr 08 18:00:15 +0000 2018,0.0,0.0,1.0,0.0
261,@cnn,"Muenster van attack driver acted alone, police say https://t.co/Dixeqp0Lpb https://t.co/aEyRD34VPx",Sun Apr 08 17:45:10 +0000 2018,-0.625,0.0,0.611,0.389
262,@cnn,"President Trump blames Russian President Vladimir Putin, former President Barack Obama for ""Animal Assad,"" warns of‚Ä¶ https://t.co/0w9dZwXcQK",Sun Apr 08 17:30:07 +0000 2018,-0.477,0.0,0.785,0.215
263,@cnn,"Father confesses to killing 5-year-old son who had autism, authorities say https://t.co/w5R6G14JD6 https://t.co/0VCAHzrmig",Sun Apr 08 17:15:10 +0000 2018,-0.66,0.0,0.732,0.268
264,@cnn,"President Trump slams Russian President Vladimir Putin and ""Animal Assad"" after suspected Syria chemical attack‚Ä¶ https://t.co/DrbKX7gz5t",Sun Apr 08 17:00:14 +0000 2018,-0.226,0.0,0.888,0.112
265,@cnn,President Trump denies the influence of White House chief of staff John Kelly is diminished https://t.co/OH0GUq7pq7 https://t.co/ZuDJcbkuOO,Sun Apr 08 16:45:07 +0000 2018,-0.422,0.0,0.851,0.149
266,@cnn,"Republican Sen. Susan Collins says embattled Environmental Protection Agency Administrator Scott Pruitt is ""the wro‚Ä¶ https://t.co/BopXBZjCxU",Sun Apr 08 16:30:06 +0000 2018,0.0,0.0,1.0,0.0
267,@cnn,"Trump's favorite tactic is criminalizing his critics, writes Julian Zelizer for @CNNOpinion https://t.co/JMmCSz9e60 https://t.co/C2004D24ML",Sun Apr 08 16:15:08 +0000 2018,0.202,0.174,0.698,0.128
268,@cnn,"No, Sean Hannity, Jimmy Kimmel is not at all like Harvey Weinstein, writes Dean Obeidallah for @CNNOpinion‚Ä¶ https://t.co/nfQQeiP0Hy",Sun Apr 08 16:00:09 +0000 2018,-0.512,0.0,0.788,0.212
269,@cnn,"President Trump's Department of Veterans Affairs pick says he's ""got what it takes"" to be secretary‚Ä¶ https://t.co/ytbObnpZm9",Sun Apr 08 15:45:45 +0000 2018,0.0,0.0,1.0,0.0
270,@cnn,Fiji wins Hong Kong Sevens for a record fourth time in a row https://t.co/dUKDw9DZwH https://t.co/KQwoe9o51e,Sun Apr 08 15:37:03 +0000 2018,0.572,0.236,0.764,0.0
271,@cnn,"Sinclair allows critical ad to air, sandwiched between its defense https://t.co/ycNHghvdZE https://t.co/XZEWcSb5kf",Sun Apr 08 15:30:09 +0000 2018,-0.202,0.109,0.725,0.167
272,@cnn,"When an Oklahoma teacher revealed what the chairs in her classroom look like, she didn't imagine it would drive peo‚Ä¶ https://t.co/ikq8yBNcWU",Sun Apr 08 15:00:13 +0000 2018,0.361,0.111,0.889,0.0
273,@cnn,This is the first luxury hotel in space. You'll be able to visit in just four years ‚Äî if you have $9.5 million to s‚Ä¶ https://t.co/e1JO5SrGh4,Sun Apr 08 14:30:13 +0000 2018,0.0,0.0,1.0,0.0
274,@cnn,This Oklahoma student is excited that her textbook was used by country singer @BlakeShelton in the 1980s. Her mothe‚Ä¶ https://t.co/uH5ZescdFk,Sun Apr 08 14:00:08 +0000 2018,0.34,0.112,0.888,0.0
275,@cnn,"Sen. Susan Collins on EPA Administrator Scott Pruitt: ‚ÄúOn policy grounds alone, I think Scott Pruitt is the wrong p‚Ä¶ https://t.co/DuFfF6mrFq",Sun Apr 08 13:45:09 +0000 2018,-0.625,0.0,0.779,0.221
276,@cnn,"He got cancer after decades of using talcum powder. Now a jury has awarded him $30 million in compensatory damages,‚Ä¶ https://t.co/7CWKt6RkKL",Sun Apr 08 13:30:07 +0000 2018,-0.402,0.108,0.717,0.175
277,@cnn,Maine Sen. Susan Collins condemns apparent chemical weapons attack in Syria as ‚Äúabsolutely horrific‚Äù and asks Trump‚Ä¶ https://t.co/5iHjZTJf1C,Sun Apr 08 13:28:29 +0000 2018,-0.852,0.0,0.617,0.383
278,@cnn,Kudlow explains Trump‚Äôs ‚Äúoriginal beef with Amazon‚Äù: ‚ÄúIt‚Äôs not so much badmouthing ‚Ä¶ it‚Äôs lets have a level playing‚Ä¶ https://t.co/WcCiRX71rw,Sun Apr 08 13:26:23 +0000 2018,0.0,0.0,1.0,0.0
279,@cnn,WH economic adviser to farmers on tariffs: ‚ÄúThis process may turn out to be very benign. You have to take certain r‚Ä¶ https://t.co/7O0BxqQlKo,Sun Apr 08 13:18:41 +0000 2018,0.571,0.183,0.817,0.0
280,@cnn,"White House economic adviser Larry Kudlow: ‚ÄúThe problem here is China, it is not President Trump ‚Ä¶ I think Presiden‚Ä¶ https://t.co/5NpYOp9dl0",Sun Apr 08 13:09:00 +0000 2018,-0.402,0.0,0.87,0.13
281,@cnn,Virgin Galactic is one step closer to bringing tourists to space after this test flight https://t.co/ZCjzj9H641 https://t.co/hqDyPJBYKz,Sun Apr 08 13:00:01 +0000 2018,0.0,0.0,1.0,0.0
282,@cnn,"Marijuana legalization could help offset the opioid epidemic, studies find https://t.co/f1jCFl3HGY https://t.co/90konlBWXC",Sun Apr 08 12:30:05 +0000 2018,0.402,0.197,0.803,0.0
283,@cnn,New York police released a video of this man pointing a metal object as if he were brandishing a gun. He was later‚Ä¶ https://t.co/RdpOX0f7Bf,Sun Apr 08 12:01:30 +0000 2018,-0.34,0.0,0.893,0.107
284,@cnn,"As Michigan ends a free bottled water program in Flint claiming the water quality has been restored, some residents‚Ä¶ https://t.co/48752JJ6lI",Sun Apr 08 11:30:16 +0000 2018,0.691,0.251,0.749,0.0
285,@cnn,"In 2014, a 23-year-old woman with cerebral palsy was allegedly gang-raped and thrown from a rooftop. 

A Human Righ‚Ä¶ https://t.co/nwXnAOx4li",Sun Apr 08 11:00:10 +0000 2018,0.0,0.0,1.0,0.0
286,@cnn,Artificial intelligence scientists from around the world called for a boycott of a South Korean university over con‚Ä¶ https://t.co/wP8NBtLTjL,Sun Apr 08 10:30:08 +0000 2018,0.202,0.152,0.735,0.113
287,@cnn,"The mystery of a 4,000-year-old ancient Egyptian mummy's head has finally been solved, after the FBI successfully e‚Ä¶ https://t.co/qfBv16K5sy",Sun Apr 08 10:00:17 +0000 2018,0.649,0.249,0.751,0.0
288,@cnn,"This police officer in Chattanooga, Tennessee, took a break from hiding Easter eggs at an event for the holiday to‚Ä¶ https://t.co/683SMmiCdD",Sun Apr 08 09:30:22 +0000 2018,0.128,0.118,0.786,0.096
289,@cnn,"If you stand inside the world's quietest room for long enough, you start to hear your heartbeat. Then you lose your‚Ä¶ https://t.co/cZgV29U4xN",Sun Apr 08 09:00:19 +0000 2018,-0.402,0.0,0.886,0.114
290,@cnn,"This 17-year-old student got accepted into 19 top universities, including Yale, Stanford, Columbia and the London S‚Ä¶ https://t.co/gDxO5FWZY4",Sun Apr 08 08:30:26 +0000 2018,0.44,0.196,0.804,0.0
291,@cnn,"An Illinois town has banned assault weapons. The penalty if you keep one? Up to $1,000 a day.‚Ä¶ https://t.co/VPuj79hbh0",Sun Apr 08 08:00:06 +0000 2018,-0.914,0.0,0.524,0.476
292,@cnn,"The companies Trump has attacked on Twitter since his election:

ABC News
Amazon
Boeing
CBS
CNN
Comcast/MSNBC/NBC
D‚Ä¶ https://t.co/HDISsZZEuX",Sun Apr 08 07:30:09 +0000 2018,-0.318,0.078,0.783,0.138
293,@cnn,A former city official in Georgia used the N-word while pushing for Confederate History Month at a city meeting‚Ä¶ https://t.co/YnchpYURJg,Sun Apr 08 07:01:24 +0000 2018,0.0,0.0,1.0,0.0
294,@cnn,"Nancy Pelosi, the top House Democrat, calls on EPA Administrator Scott Pruitt to resign https://t.co/V63jZLv5se https://t.co/RVYRvwKsyL",Sun Apr 08 06:30:03 +0000 2018,-0.153,0.099,0.769,0.132
295,@cnn,Virgin Galactic is one step closer to bringing tourists to space after this test flight https://t.co/4b6rOLtWsS https://t.co/x1zoTTWtEh,Sun Apr 08 06:00:00 +0000 2018,0.0,0.0,1.0,0.0
296,@cnn,"Mexican President to Trump: ""Nothing and no one stands above the dignity of Mexico."" https://t.co/2C5VVONFAk https://t.co/EqIotPJCxq",Sun Apr 08 05:30:04 +0000 2018,0.128,0.143,0.741,0.116
297,@cnn,"President Trump has begun informally preparing for a possible interview with special counsel Robert Mueller, source‚Ä¶ https://t.co/aouH83OnCf",Sun Apr 08 05:00:11 +0000 2018,0.402,0.153,0.847,0.0
298,@cnn,"Pilots had safety concerns months before NYC helicopter crash, lawyer says https://t.co/zm5dsd8kkG",Sun Apr 08 04:45:56 +0000 2018,0.026,0.181,0.645,0.174
299,@cnn,This mom donated 14 gallons of breast milk to NICU babies in need https://t.co/HwjS6NbWpC https://t.co/znmKGN6Vip,Sun Apr 08 04:30:04 +0000 2018,0.0,0.0,1.0,0.0
300,@foxnews,".@SarahPalinUSA: ""I see that war does to an individual, to a family. War is hell, and I don't want America to go to‚Ä¶ https://t.co/yyYxr9skZ7",Mon Apr 09 02:53:59 +0000 2018,-0.928,0.0,0.569,0.431
301,@foxnews,"On @foxandfriends, @cvpayne praised President @realDonaldTrump's economic policies and their positive results for A‚Ä¶ https://t.co/L2kfZR7PAJ",Mon Apr 09 02:52:00 +0000 2018,0.778,0.343,0.657,0.0
302,@foxnews,".@SarahPalinUSA: ""It was past agendas that were based on special interests that have gotten us into the pickle that‚Ä¶ https://t.co/cTWs6zqZN6",Mon Apr 09 02:48:16 +0000 2018,0.572,0.207,0.793,0.0
303,@foxnews,".@SarahPalinUSA: ""[President @realDonaldTrump] was adamant about doing things different in the campaign, and that's‚Ä¶ https://t.co/EK2RMKIQX5",Mon Apr 09 02:42:29 +0000 2018,0.0,0.0,1.0,0.0
304,@foxnews,".@SarahPalinUSA: ""It's obvious why @TheDemocrats don't believe in securing the border. I think that they just fear‚Ä¶ https://t.co/7XdAYQqXxe",Mon Apr 09 02:36:47 +0000 2018,-0.241,0.0,0.891,0.109
305,@foxnews,'Citizens Have a Right to Protect Themselves': GA Sheriff Explains Viral Concealed-Carry Sign‚Ä¶ https://t.co/e5UpJWvP0D,Mon Apr 09 02:31:00 +0000 2018,0.382,0.178,0.822,0.0
306,@foxnews,".@SarahPalinUSA on ObamaCare: ""It's an atrocity."" https://t.co/3mo7MCnCsy",Mon Apr 09 02:30:09 +0000 2018,0.0,0.0,1.0,0.0
307,@foxnews,".@SarahPalinUSA on omnibus bill: ""That's why people are so up in arms when it comes to the direction of our governm‚Ä¶ https://t.co/C7ieLuxAyD",Mon Apr 09 02:24:07 +0000 2018,0.0,0.0,1.0,0.0
308,@foxnews,".@TheRealJohnHCox: ""This criminal idea of the sanctuary state movement - the people are upset about this because it‚Ä¶ https://t.co/b2c2Qbe23k",Mon Apr 09 02:18:00 +0000 2018,-0.718,0.0,0.727,0.273
309,@foxnews,".@SarahPalinUSA: ""I'm privileged to have come into my own, politically speaking, during the Reagan years...so I kne‚Ä¶ https://t.co/3bmCf7J2WI",Mon Apr 09 02:17:55 +0000 2018,0.44,0.153,0.847,0.0
310,@foxnews,".@SarahPalinUSA on vice presidential run: ""I would do it again in a heartbeat."" https://t.co/mAlKDniX8a",Mon Apr 09 02:11:29 +0000 2018,0.0,0.0,1.0,0.0
311,@foxnews,"BREAKING: Airstrikes hit Syria after deadly chemical attack, state TV reports https://t.co/YPf4Xv727K",Mon Apr 09 02:08:47 +0000 2018,-0.477,0.0,0.78,0.22
312,@foxnews,".@SarahPalinUSA on running for governor: ""We had a lot of corruption going on in our state, and people wanted it cl‚Ä¶ https://t.co/WjKJ2iQjO6",Mon Apr 09 02:05:47 +0000 2018,0.0,0.0,1.0,0.0
313,@foxnews,".@TomiLahren on China trade war fears: ""When the United States leads from the front, others come to the table. We'r‚Ä¶ https://t.co/H8sT9qtstp",Mon Apr 09 02:00:31 +0000 2018,-0.599,0.102,0.655,0.244
314,@foxnews,"RIGHT NOW on ""Life, Liberty, &amp; Levin,"" @SarahPalinUSA sits down with @marklevinshow to discuss the border. Tune in‚Ä¶ https://t.co/H6cgmHCDGp",Mon Apr 09 02:00:00 +0000 2018,0.527,0.159,0.841,0.0
315,@foxnews,OPINION: Divorce is an epidemic that causes as much pain as any disease -- so why don't we treat it that way? https://t.co/4hpTBLlxJ6,Mon Apr 09 01:53:39 +0000 2018,-0.676,0.0,0.791,0.209
316,@foxnews,".@TomiLahren on the state of the GOP: ""Why is it always the Right that has to become more moderate? No, I don't thi‚Ä¶ https://t.co/pDaOwjuF8d",Mon Apr 09 01:44:02 +0000 2018,-0.357,0.0,0.899,0.101
317,@foxnews,".@Schwarzenegger: ""California is coming back economically right now...and hopefully we get to this four percent tha‚Ä¶ https://t.co/CZ8rWrluqT",Mon Apr 09 01:37:37 +0000 2018,0.402,0.144,0.856,0.0
318,@foxnews,".@TomiLahren on immigration debate: ""Americans are going to be safe in the United States of America.‚Ä¶ https://t.co/z8AwlkO3ch",Mon Apr 09 01:26:19 +0000 2018,0.691,0.275,0.725,0.0
319,@foxnews,".@AntonioSabatoJr on immigration debate: ""The Democratic Party is always saying, 'well if you want a border, if you‚Ä¶ https://t.co/eErO7mcoM7",Mon Apr 09 01:23:08 +0000 2018,0.625,0.289,0.711,0.0
320,@foxnews,".@SarahPalinUSA: ""I see that war does to an individual, to a family. War is hell, and I don't want America to go to‚Ä¶ https://t.co/yyYxr9skZ7",Mon Apr 09 02:53:59 +0000 2018,-0.928,0.0,0.569,0.431
321,@foxnews,"On @foxandfriends, @cvpayne praised President @realDonaldTrump's economic policies and their positive results for A‚Ä¶ https://t.co/L2kfZR7PAJ",Mon Apr 09 02:52:00 +0000 2018,0.778,0.343,0.657,0.0
322,@foxnews,".@SarahPalinUSA: ""It was past agendas that were based on special interests that have gotten us into the pickle that‚Ä¶ https://t.co/cTWs6zqZN6",Mon Apr 09 02:48:16 +0000 2018,0.572,0.207,0.793,0.0
323,@foxnews,".@SarahPalinUSA: ""[President @realDonaldTrump] was adamant about doing things different in the campaign, and that's‚Ä¶ https://t.co/EK2RMKIQX5",Mon Apr 09 02:42:29 +0000 2018,0.0,0.0,1.0,0.0
324,@foxnews,".@SarahPalinUSA: ""It's obvious why @TheDemocrats don't believe in securing the border. I think that they just fear‚Ä¶ https://t.co/7XdAYQqXxe",Mon Apr 09 02:36:47 +0000 2018,-0.241,0.0,0.891,0.109
325,@foxnews,'Citizens Have a Right to Protect Themselves': GA Sheriff Explains Viral Concealed-Carry Sign‚Ä¶ https://t.co/e5UpJWvP0D,Mon Apr 09 02:31:00 +0000 2018,0.382,0.178,0.822,0.0
326,@foxnews,".@SarahPalinUSA on ObamaCare: ""It's an atrocity."" https://t.co/3mo7MCnCsy",Mon Apr 09 02:30:09 +0000 2018,0.0,0.0,1.0,0.0
327,@foxnews,".@SarahPalinUSA on omnibus bill: ""That's why people are so up in arms when it comes to the direction of our governm‚Ä¶ https://t.co/C7ieLuxAyD",Mon Apr 09 02:24:07 +0000 2018,0.0,0.0,1.0,0.0
328,@foxnews,".@TheRealJohnHCox: ""This criminal idea of the sanctuary state movement - the people are upset about this because it‚Ä¶ https://t.co/b2c2Qbe23k",Mon Apr 09 02:18:00 +0000 2018,-0.718,0.0,0.727,0.273
329,@foxnews,".@SarahPalinUSA: ""I'm privileged to have come into my own, politically speaking, during the Reagan years...so I kne‚Ä¶ https://t.co/3bmCf7J2WI",Mon Apr 09 02:17:55 +0000 2018,0.44,0.153,0.847,0.0
330,@foxnews,".@SarahPalinUSA on vice presidential run: ""I would do it again in a heartbeat."" https://t.co/mAlKDniX8a",Mon Apr 09 02:11:29 +0000 2018,0.0,0.0,1.0,0.0
331,@foxnews,"BREAKING: Airstrikes hit Syria after deadly chemical attack, state TV reports https://t.co/YPf4Xv727K",Mon Apr 09 02:08:47 +0000 2018,-0.477,0.0,0.78,0.22
332,@foxnews,".@SarahPalinUSA on running for governor: ""We had a lot of corruption going on in our state, and people wanted it cl‚Ä¶ https://t.co/WjKJ2iQjO6",Mon Apr 09 02:05:47 +0000 2018,0.0,0.0,1.0,0.0
333,@foxnews,".@TomiLahren on China trade war fears: ""When the United States leads from the front, others come to the table. We'r‚Ä¶ https://t.co/H8sT9qtstp",Mon Apr 09 02:00:31 +0000 2018,-0.599,0.102,0.655,0.244
334,@foxnews,"RIGHT NOW on ""Life, Liberty, &amp; Levin,"" @SarahPalinUSA sits down with @marklevinshow to discuss the border. Tune in‚Ä¶ https://t.co/H6cgmHCDGp",Mon Apr 09 02:00:00 +0000 2018,0.527,0.159,0.841,0.0
335,@foxnews,OPINION: Divorce is an epidemic that causes as much pain as any disease -- so why don't we treat it that way? https://t.co/4hpTBLlxJ6,Mon Apr 09 01:53:39 +0000 2018,-0.676,0.0,0.791,0.209
336,@foxnews,".@TomiLahren on the state of the GOP: ""Why is it always the Right that has to become more moderate? No, I don't thi‚Ä¶ https://t.co/pDaOwjuF8d",Mon Apr 09 01:44:02 +0000 2018,-0.357,0.0,0.899,0.101
337,@foxnews,".@Schwarzenegger: ""California is coming back economically right now...and hopefully we get to this four percent tha‚Ä¶ https://t.co/CZ8rWrluqT",Mon Apr 09 01:37:37 +0000 2018,0.402,0.144,0.856,0.0
338,@foxnews,".@TomiLahren on immigration debate: ""Americans are going to be safe in the United States of America.‚Ä¶ https://t.co/z8AwlkO3ch",Mon Apr 09 01:26:19 +0000 2018,0.691,0.275,0.725,0.0
339,@foxnews,".@AntonioSabatoJr on immigration debate: ""The Democratic Party is always saying, 'well if you want a border, if you‚Ä¶ https://t.co/eErO7mcoM7",Mon Apr 09 01:23:08 +0000 2018,0.625,0.289,0.711,0.0
340,@foxnews,"Earlier, @MayorofLondon Sadiq Khan decried the uptick in stabbings that have raised London's homicide rate higher t‚Ä¶ https://t.co/mySxOGNLk8",Mon Apr 09 01:16:17 +0000 2018,0.0,0.0,1.0,0.0
341,@foxnews,".@RepDeSantis on suspected Syria chemical attack: ""There's not an appetite to have a [ground war] in that region...‚Ä¶ https://t.co/exylvH2vBE",Mon Apr 09 01:13:37 +0000 2018,-0.612,0.0,0.762,0.238
342,@foxnews,#Trump warns Assad: 'Big price to pay' for fatal Syria attack https://t.co/89YDwXM5Cv,Mon Apr 09 01:03:00 +0000 2018,-0.813,0.0,0.46,0.54
343,@foxnews,#Trump national security spokesman Michael Anton to leave the @WhiteHouse https://t.co/QcwMRiCZho,Mon Apr 09 01:00:10 +0000 2018,0.296,0.19,0.714,0.095
344,@foxnews,Anheuser-Busch debuts summery new Bud Light Orange https://t.co/OdJArWGqI9,Mon Apr 09 00:53:00 +0000 2018,0.0,0.0,1.0,0.0
345,@foxnews,"Sketch released in severed head case in Texas, man sought https://t.co/zrgu5aWc0O",Mon Apr 09 00:47:00 +0000 2018,-0.361,0.0,0.8,0.2
346,@foxnews,Gas prices jump to $2.74 per gallon https://t.co/tjCwMlwaDI,Mon Apr 09 00:41:00 +0000 2018,0.0,0.0,1.0,0.0
347,@foxnews,"Manhunt for Tennessee man, 23, who admits he killed his mother and his friend https://t.co/wsxEPP5w36",Mon Apr 09 00:35:00 +0000 2018,-0.026,0.247,0.548,0.205
348,@foxnews,Lyft driver abandons pilot in parking lot after learning he would only make $6 on ride https://t.co/lKigZYnIia,Mon Apr 09 00:30:00 +0000 2018,-0.318,0.0,0.874,0.126
349,@foxnews,OPINION: Has the California backlash against liberal craziness finally begun? https://t.co/qfrnE8DGds,Mon Apr 09 00:25:00 +0000 2018,-0.382,0.0,0.794,0.206
350,@foxnews,London Mayor Sadiq Khan targets knives as murder rate spikes: 'There is never a reason to carry a knife' https://t.co/NY8C3D3NPy,Mon Apr 09 00:20:23 +0000 2018,-0.691,0.0,0.783,0.217
351,@foxnews,"Florida woman caught with cocaine in purse blames it on windy day, police say https://t.co/DwvnksWJ5V",Mon Apr 09 00:15:00 +0000 2018,-0.402,0.0,0.838,0.162
352,@foxnews,Hungary leader Viktor Orban sweeps to re-election win with super majority https://t.co/oKTpx7ZBgy,Mon Apr 09 00:09:00 +0000 2018,0.827,0.435,0.565,0.0
353,@foxnews,"TONIGHT on ""Life, Liberty, &amp; Levin,"" @SarahPalinUSA sits down with @marklevinshow to discuss the border. Tune in at‚Ä¶ https://t.co/zYDzhZ2KsP",Mon Apr 09 00:03:00 +0000 2018,0.527,0.159,0.841,0.0
354,@foxnews,"Sergei, Yulia Skripal to get new identities to live in the US, report says https://t.co/K5t4Bs5OEB",Sun Apr 08 23:57:00 +0000 2018,0.0,0.0,1.0,0.0
355,@foxnews,"Crowley says GOP attacking @NancyPelosi because 'bankrupt on ideas,' mum on plan to lead House caucus https://t.co/5I5bLbnlWH",Sun Apr 08 23:52:00 +0000 2018,-0.765,0.0,0.694,0.306
356,@foxnews,"Delta passenger suffered 'painful' cartilage damage after child on flight repeatedly kicked her, she claims https://t.co/NFM6j0lNxM",Sun Apr 08 23:47:00 +0000 2018,-0.751,0.0,0.686,0.314
357,@foxnews,.@TheRock to give away largest HQ Trivia prize ever https://t.co/lNkkTtva2V,Sun Apr 08 23:43:00 +0000 2018,0.511,0.268,0.732,0.0
358,@foxnews,Pruitt slammed as unfit to lead EPA by 2 GOP senators; one calls him 'chucklehead' https://t.co/rePg4vRBpb,Sun Apr 08 23:38:00 +0000 2018,0.0,0.0,1.0,0.0
359,@foxnews,"Florida woman, 23, killed by lightning at mud bog site https://t.co/75NAzcd7RD",Sun Apr 08 23:32:14 +0000 2018,-0.67,0.0,0.69,0.31
360,@foxnews,"On Friday, the @CBPRGV welcomed eight new horses to the Horse Patrol Unit. The wild Mustangs will be part of the te‚Ä¶ https://t.co/iPHdqBqaSG",Sun Apr 08 23:23:31 +0000 2018,0.34,0.098,0.902,0.0
361,@foxnews,".@larry_kudlow on tariffs: ""China's response was highly unsatisfactory and I think that's unfortunate. We do have c‚Ä¶ https://t.co/w99MtLhcIX",Sun Apr 08 23:08:00 +0000 2018,-0.459,0.0,0.842,0.158
362,@foxnews,OPINION: Syria attack shows we now live in a world where using chemical weapons is considered OK -- and that should‚Ä¶ https://t.co/xV7d1u7kC3,Sun Apr 08 22:59:42 +0000 2018,-0.471,0.109,0.668,0.223
363,@foxnews,Cambridge Analytica whistleblower thinks Facebook data breach affected more users than reported https://t.co/HAAbSOQ5oZ,Sun Apr 08 22:52:45 +0000 2018,-0.153,0.0,0.882,0.118
364,@foxnews,BREAKING: Patrick Reed wins #Masters to claim first major title https://t.co/v1Y6lRcSga,Sun Apr 08 22:43:48 +0000 2018,0.572,0.27,0.73,0.0
365,@foxnews,New high-speed train in Florida kills 4th person since launching service https://t.co/qDOkQjSDaS,Sun Apr 08 22:39:59 +0000 2018,-0.542,0.0,0.759,0.241
366,@foxnews,OPINION: Do convicted criminals deserve a second chance? One man's incredible story offers a clue https://t.co/25M6oOhxaQ,Sun Apr 08 22:28:26 +0000 2018,-0.402,0.113,0.678,0.209
367,@foxnews,"Conor McGregor was 'causing trouble' in hotel room after release on bail, report says https://t.co/LNaRCOOHIa",Sun Apr 08 22:10:45 +0000 2018,-0.402,0.0,0.838,0.162
368,@foxnews,Parkland massacre survivor says she hid under dead classmate's body https://t.co/0aIJndwxS6,Sun Apr 08 22:04:18 +0000 2018,-0.494,0.154,0.494,0.352
369,@foxnews,"On ‚ÄúAmerica‚Äôs News HQ,‚Äù former Arizona @GovBrewer slammed @JerryBrownGov‚Äôs illegal immigration policies and praised‚Ä¶ https://t.co/jMZqqsJP1V",Sun Apr 08 22:02:00 +0000 2018,-0.557,0.0,0.795,0.205
370,@foxnews,".@cvpayne: ""This last month we saw the second-lowest unemployment rate for black Americans in history."" https://t.co/6Ls7sqgZkL",Sun Apr 08 21:53:00 +0000 2018,-0.44,0.0,0.838,0.162
371,@foxnews,RT @FoxBusiness: .@Facebook to send Cambridge Analytica data-use notices on Monday https://t.co/EJLtiXUt2G,Sun Apr 08 21:44:06 +0000 2018,0.0,0.0,1.0,0.0
372,@foxnews,"Brandon Judd: ""I have to applaud President @realDonaldTrump for putting the @USNationalGuard on the border because‚Ä¶ https://t.co/4uRviSLXh5",Sun Apr 08 21:42:00 +0000 2018,0.459,0.158,0.842,0.0
373,@foxnews,DEVELOPING: North Korea has told the @realDonaldTrump administration that Kim Jong Un is ready to discuss denuclear‚Ä¶ https://t.co/mMmIqNvaud,Sun Apr 08 21:31:03 +0000 2018,0.361,0.128,0.872,0.0
374,@foxnews,Blooming red tulips are seen in the gardens of the South Lawn of the @WhiteHouse. https://t.co/5tbQb72pjG,Sun Apr 08 21:30:00 +0000 2018,0.0,0.0,1.0,0.0
375,@foxnews,RT @EricShawnTV: Chemical weapons were banned by the 1925 Geneva Protocol after their horrific use in World War One. It is an attack on wor‚Ä¶,Sun Apr 08 21:27:28 +0000 2018,-0.954,0.0,0.536,0.464
376,@foxnews,"Rain or shine, soldiers keep watch over the Tomb of the Unknown Soldier to honor the service members who made the u‚Ä¶ https://t.co/rB1qmAgE4X",Sun Apr 08 21:23:34 +0000 2018,0.494,0.127,0.873,0.0
377,@foxnews,"Kim Jong Un willing to discuss getting rid of North Korea's nukes, US says https://t.co/Gh5W2f8Ea7",Sun Apr 08 21:18:51 +0000 2018,0.0,0.0,1.0,0.0
378,@foxnews,"RT @foxnewspolitics: Kennedy dynasty faces a reckoning as controversial film hits theaters - via @brookefoxnews 
https://t.co/IRLIK1G7f2",Sun Apr 08 21:18:37 +0000 2018,-0.202,0.0,0.878,0.122
379,@foxnews,"Lt. Col. Travis Walters: ""@TexasGuard is able to deploy immediately to meet the call of our governor and the call o‚Ä¶ https://t.co/pXZnKP88Fw",Sun Apr 08 21:10:00 +0000 2018,0.0,0.0,1.0,0.0
380,@foxnews,".@DiamondandSilk: ""If a privately owned bakery has to go against their Christian values to bake a cake, then Mark Z‚Ä¶ https://t.co/NUgKC7p4FJ",Sun Apr 08 20:57:00 +0000 2018,0.402,0.13,0.87,0.0
381,@foxnews,BREAKING NEWS: North Korea has told the @realDonaldTrump administration that Kim Jong Un is ready to discuss denucl‚Ä¶ https://t.co/rt9bQNZIBv,Sun Apr 08 20:53:05 +0000 2018,0.361,0.122,0.878,0.0
382,@foxnews,NY Times Op-Ed slamming 'Chappaquiddick' film as 'character assassination' spurs online outrage https://t.co/51am3hJGgV,Sun Apr 08 20:52:06 +0000 2018,-0.802,0.0,0.604,0.396
383,@foxnews,"Tommy Kilbride: ""These landing mat fences don't work. So anyone that says the wall won't work has never been on the‚Ä¶ https://t.co/trVC5RNsK3",Sun Apr 08 20:45:31 +0000 2018,0.0,0.0,1.0,0.0
384,@foxnews,".@TomFitton: ""@TheJusticeDept was a mess under Loretta Lynch. This meeting was an indication or an example of the w‚Ä¶ https://t.co/xl47PvFyaN",Sun Apr 08 20:40:00 +0000 2018,-0.361,0.0,0.878,0.122
385,@foxnews,"On @foxandfriends, former political science Professor @carolmswain sounded off on a North Carolina elementary schoo‚Ä¶ https://t.co/B8BZ0amlzn",Sun Apr 08 20:39:00 +0000 2018,0.0,0.0,1.0,0.0
386,@foxnews,BREAKING: North Korea tells the Trump administration that it is ready to discuss denuclearization. https://t.co/gR9KrFO9gw,Sun Apr 08 20:24:52 +0000 2018,0.361,0.152,0.848,0.0
387,@foxnews,States sending troops to Mexico border. https://t.co/lROHVeMd6u,Sun Apr 08 20:16:21 +0000 2018,0.0,0.0,1.0,0.0
388,@foxnews,"Amb. Dan Gillerman on Syria suspected chemical attack: ""I'm disappointed at the reaction so far of the internationa‚Ä¶ https://t.co/ASRalWh3Hq",Sun Apr 08 20:14:41 +0000 2018,-0.796,0.0,0.664,0.336
389,@foxnews,Trump slams Obama over not crossing 'red line' in Syria with 'Animal Assad' https://t.co/FZVYN2pmON,Sun Apr 08 20:10:25 +0000 2018,0.0,0.0,1.0,0.0
390,@foxnews,"TONIGHT on ""Life, Liberty, &amp; Levin,"" @SarahPalinUSA sits down with @marklevinshow to discuss the border. Tune in at‚Ä¶ https://t.co/6q5mzImK8S",Sun Apr 08 20:03:00 +0000 2018,0.527,0.159,0.841,0.0
391,@foxnews,Outrage at Kimmel comments on Melania surges as protest petition exceeds 50K signatures https://t.co/riRjV4TDX4,Sun Apr 08 20:01:02 +0000 2018,-0.649,0.0,0.694,0.306
392,@foxnews,Wallace Presses Dem Rep: 'Is Nancy Pelosi a Liability for Democrats?' https://t.co/RnQDsoSwKQ,Sun Apr 08 19:59:07 +0000 2018,-0.202,0.0,0.847,0.153
393,@foxnews,"A large Canadian flag at half-mast is seen from a cemetery in #Humboldt, Saskatchewan, on Sunday, April 8, 2018. 15‚Ä¶ https://t.co/Wo12db9hiQ",Sun Apr 08 19:52:08 +0000 2018,0.0,0.0,1.0,0.0
394,@foxnews,"A firefighter looks out from the window of a damaged apartment in Trump Tower in New York on Saturday, April 7, 201‚Ä¶ https://t.co/GbVHvxh0hi",Sun Apr 08 19:45:30 +0000 2018,-0.44,0.0,0.873,0.127
395,@foxnews,"The @USArmy has identified the two pilots killed in an Apache helicopter crash night at Ft. Campbell, Ky, as Chief‚Ä¶ https://t.co/IX3m9sRudo",Sun Apr 08 19:40:35 +0000 2018,-0.802,0.0,0.725,0.275
396,@foxnews,Sen. Jeff Flake's son seeks new civil trial against Joe Arpaio https://t.co/rqc9nLB9Tm,Sun Apr 08 19:37:24 +0000 2018,0.0,0.0,1.0,0.0
397,@foxnews,RT @EricShawnTV: I anchor at 4 pm EDT @FoxNews with @ArthelNeville: Amb. Dan GIllerman joins me on how @POTUS @realDonaldTrump should respo‚Ä¶,Sun Apr 08 19:36:13 +0000 2018,0.0,0.0,1.0,0.0
398,@foxnews,"Jimmy Kimmel defends mean-spirited dig at Melania Trump, apologizes for lewd Hannity joke https://t.co/nDUlZflGz1",Sun Apr 08 19:35:05 +0000 2018,0.572,0.281,0.719,0.0
399,@foxnews,"Alleged 'potted-plant serial killer' may be linked to grisly, unsolved 1970s murders https://t.co/PyoBhghZfX",Sun Apr 08 19:29:53 +0000 2018,-0.852,0.0,0.57,0.43
400,@nytimes,The tiny elevator in a Brooklyn housing project will forever be tainted by the murder of a 6-year-old inside nearly‚Ä¶ https://t.co/EyJA7ZTETJ,Mon Apr 09 02:45:12 +0000 2018,-0.691,0.0,0.793,0.207
401,@nytimes,"South Carolina's former first lady, Jenny Sanford, wasn‚Äôt looking to remarry after her high-profile divorce, until‚Ä¶ https://t.co/VoB54wj2x8",Mon Apr 09 02:26:53 +0000 2018,0.0,0.0,1.0,0.0
402,@nytimes,"Modern Love: ""I‚Äôm not sure it‚Äôs possible to justify my liaisons with married men, but what I learned from having th‚Ä¶ https://t.co/m9V38iZ3hx",Mon Apr 09 02:07:29 +0000 2018,0.278,0.113,0.823,0.064
403,@nytimes,Review: ‚ÄòMean Girls‚Äô Sets the Perils of Being Popular to Song https://t.co/ocyCL7g1JL,Mon Apr 09 01:51:57 +0000 2018,0.422,0.203,0.797,0.0
404,@nytimes,"Michigan will stop providing free bottled water to the city of Flint. City officials criticized the move, noting th‚Ä¶ https://t.co/EdAuT0cJyH",Mon Apr 09 01:39:49 +0000 2018,-0.103,0.132,0.68,0.188
405,@nytimes,Many people taking antidepressants are saying they cannot quit because of withdrawal symptoms they were never warne‚Ä¶ https://t.co/vBtDudBwF9,Mon Apr 09 01:20:33 +0000 2018,0.026,0.061,0.939,0.0
406,@nytimes,North Korea Said to Offer Direct Assurance It Will Discuss Denuclearization https://t.co/OB39Xfk3wD,Mon Apr 09 01:03:51 +0000 2018,0.34,0.179,0.821,0.0
407,@nytimes,The snow monkeys of Japan like a nice warm bath. Scientists wanted to find out the real reason they sought out the‚Ä¶ https://t.co/Wg61NYzLII,Mon Apr 09 00:57:20 +0000 2018,0.735,0.275,0.725,0.0
408,@nytimes,A Town That Lives for Hockey Is Devastated by Humboldt Broncos‚Äô Deaths https://t.co/fkUbNvxLpe,Mon Apr 09 00:43:09 +0000 2018,-0.612,0.0,0.733,0.267
409,@nytimes,"Facebook's advice to Mark Zuckerberg as he prepares to appear before Congress: Be humble, agreeable and as forthrig‚Ä¶ https://t.co/vqSgPJGcqe",Mon Apr 09 00:40:49 +0000 2018,0.422,0.135,0.865,0.0
410,@nytimes,Paleontologists have discovered dozens of jumbo-size footprints belonging to dinosaurs that lived 170 million years‚Ä¶ https://t.co/AciKlSwvNA,Mon Apr 09 00:22:55 +0000 2018,0.0,0.0,1.0,0.0
411,@nytimes,"Facebook's advice to Mark Zuckerberg as he prepares to appear before Congress: Be humble, agreeable and as forthrig‚Ä¶ https://t.co/dbYIfSGCCM",Mon Apr 09 00:04:17 +0000 2018,0.422,0.135,0.865,0.0
412,@nytimes,"He killed a Red Cross worker, and the motive is still a mystery: ""I will go to hell for what I did"" https://t.co/6pCS8rSFVJ",Sun Apr 08 23:47:19 +0000 2018,-0.878,0.0,0.664,0.336
413,@nytimes,A Tough Task for Facebook: European-Type Privacy for All https://t.co/fWLrndUdXa,Sun Apr 08 23:31:12 +0000 2018,-0.128,0.0,0.842,0.158
414,@nytimes,"Profile: Circe, a Vilified Witch From Classical Mythology, Gets Her Own Epic https://t.co/6aZoqsc21e",Sun Apr 08 23:14:04 +0000 2018,-0.361,0.0,0.815,0.185
415,@nytimes,"Orban Wins Sweeping Majority, and Control of Hungary‚Äôs Constitution https://t.co/c9kT44hYLI",Sun Apr 08 23:02:44 +0000 2018,0.572,0.291,0.709,0.0
416,@nytimes,Patrick Reed Wins the Masters in a Breakthrough Performance https://t.co/Ftp0PBbgRt,Sun Apr 08 22:59:45 +0000 2018,0.572,0.316,0.684,0.0
417,@nytimes,"""My parents don‚Äôt want to just throw money around now. I‚Äôm getting a great education at a fraction of the cost."" https://t.co/D0m6zXCvok",Sun Apr 08 22:42:34 +0000 2018,0.66,0.231,0.769,0.0
418,@nytimes,Com Journal: East Timor Has Some of the World‚Äôs Richest Reefs. Can It Profit Safely? https://t.co/PcTmSWxSWh,Sun Apr 08 22:25:23 +0000 2018,0.859,0.422,0.578,0.0
419,@nytimes,A dressing (or dip) that‚Äôs easy to love https://t.co/Tgd2Tm6dxc,Sun Apr 08 22:23:21 +0000 2018,0.796,0.542,0.458,0.0
420,@nytimes,The tiny elevator in a Brooklyn housing project will forever be tainted by the murder of a 6-year-old inside nearly‚Ä¶ https://t.co/EyJA7ZTETJ,Mon Apr 09 02:45:12 +0000 2018,-0.691,0.0,0.793,0.207
421,@nytimes,"South Carolina's former first lady, Jenny Sanford, wasn‚Äôt looking to remarry after her high-profile divorce, until‚Ä¶ https://t.co/VoB54wj2x8",Mon Apr 09 02:26:53 +0000 2018,0.0,0.0,1.0,0.0
422,@nytimes,"Modern Love: ""I‚Äôm not sure it‚Äôs possible to justify my liaisons with married men, but what I learned from having th‚Ä¶ https://t.co/m9V38iZ3hx",Mon Apr 09 02:07:29 +0000 2018,0.278,0.113,0.823,0.064
423,@nytimes,Review: ‚ÄòMean Girls‚Äô Sets the Perils of Being Popular to Song https://t.co/ocyCL7g1JL,Mon Apr 09 01:51:57 +0000 2018,0.422,0.203,0.797,0.0
424,@nytimes,"Michigan will stop providing free bottled water to the city of Flint. City officials criticized the move, noting th‚Ä¶ https://t.co/EdAuT0cJyH",Mon Apr 09 01:39:49 +0000 2018,-0.103,0.132,0.68,0.188
425,@nytimes,Many people taking antidepressants are saying they cannot quit because of withdrawal symptoms they were never warne‚Ä¶ https://t.co/vBtDudBwF9,Mon Apr 09 01:20:33 +0000 2018,0.026,0.061,0.939,0.0
426,@nytimes,North Korea Said to Offer Direct Assurance It Will Discuss Denuclearization https://t.co/OB39Xfk3wD,Mon Apr 09 01:03:51 +0000 2018,0.34,0.179,0.821,0.0
427,@nytimes,The snow monkeys of Japan like a nice warm bath. Scientists wanted to find out the real reason they sought out the‚Ä¶ https://t.co/Wg61NYzLII,Mon Apr 09 00:57:20 +0000 2018,0.735,0.275,0.725,0.0
428,@nytimes,A Town That Lives for Hockey Is Devastated by Humboldt Broncos‚Äô Deaths https://t.co/fkUbNvxLpe,Mon Apr 09 00:43:09 +0000 2018,-0.612,0.0,0.733,0.267
429,@nytimes,"Facebook's advice to Mark Zuckerberg as he prepares to appear before Congress: Be humble, agreeable and as forthrig‚Ä¶ https://t.co/vqSgPJGcqe",Mon Apr 09 00:40:49 +0000 2018,0.422,0.135,0.865,0.0
430,@nytimes,Paleontologists have discovered dozens of jumbo-size footprints belonging to dinosaurs that lived 170 million years‚Ä¶ https://t.co/AciKlSwvNA,Mon Apr 09 00:22:55 +0000 2018,0.0,0.0,1.0,0.0
431,@nytimes,"Facebook's advice to Mark Zuckerberg as he prepares to appear before Congress: Be humble, agreeable and as forthrig‚Ä¶ https://t.co/dbYIfSGCCM",Mon Apr 09 00:04:17 +0000 2018,0.422,0.135,0.865,0.0
432,@nytimes,"He killed a Red Cross worker, and the motive is still a mystery: ""I will go to hell for what I did"" https://t.co/6pCS8rSFVJ",Sun Apr 08 23:47:19 +0000 2018,-0.878,0.0,0.664,0.336
433,@nytimes,A Tough Task for Facebook: European-Type Privacy for All https://t.co/fWLrndUdXa,Sun Apr 08 23:31:12 +0000 2018,-0.128,0.0,0.842,0.158
434,@nytimes,"Profile: Circe, a Vilified Witch From Classical Mythology, Gets Her Own Epic https://t.co/6aZoqsc21e",Sun Apr 08 23:14:04 +0000 2018,-0.361,0.0,0.815,0.185
435,@nytimes,"Orban Wins Sweeping Majority, and Control of Hungary‚Äôs Constitution https://t.co/c9kT44hYLI",Sun Apr 08 23:02:44 +0000 2018,0.572,0.291,0.709,0.0
436,@nytimes,Patrick Reed Wins the Masters in a Breakthrough Performance https://t.co/Ftp0PBbgRt,Sun Apr 08 22:59:45 +0000 2018,0.572,0.316,0.684,0.0
437,@nytimes,"""My parents don‚Äôt want to just throw money around now. I‚Äôm getting a great education at a fraction of the cost."" https://t.co/D0m6zXCvok",Sun Apr 08 22:42:34 +0000 2018,0.66,0.231,0.769,0.0
438,@nytimes,Com Journal: East Timor Has Some of the World‚Äôs Richest Reefs. Can It Profit Safely? https://t.co/PcTmSWxSWh,Sun Apr 08 22:25:23 +0000 2018,0.859,0.422,0.578,0.0
439,@nytimes,A dressing (or dip) that‚Äôs easy to love https://t.co/Tgd2Tm6dxc,Sun Apr 08 22:23:21 +0000 2018,0.796,0.542,0.458,0.0
440,@nytimes,Oh for the Days of the Making-Of Featurette ‚Äî Seriously https://t.co/5arbjPZTdI,Sun Apr 08 22:05:41 +0000 2018,-0.178,0.0,0.841,0.159
441,@nytimes,Deutsche Bank Replaces C.E.O. Amid Losses and Lack of Direction https://t.co/JlnPWBzntE,Sun Apr 08 21:59:47 +0000 2018,-0.612,0.0,0.643,0.357
442,@nytimes,"RT @nerdishtendency: You can see the joy in movement in my first story for @nytimes, a look at a party where musicians and dancers get toge‚Ä¶",Sun Apr 08 21:57:02 +0000 2018,0.758,0.228,0.772,0.0
443,@nytimes,"""President Xi and I will always be friends, no matter what happens with our dispute on trade,‚Äù President Trump twee‚Ä¶ https://t.co/dAvlL6seAK",Sun Apr 08 21:42:00 +0000 2018,-0.178,0.167,0.637,0.195
444,@nytimes,The Denver Post is in open revolt against its owner https://t.co/Lw62YzaCPk,Sun Apr 08 21:27:06 +0000 2018,0.0,0.0,1.0,0.0
445,@nytimes,"Common Sense: With Tesla in a Danger Zone, Can Model 3 Carry It to Safety? https://t.co/KjYFEtsMgv",Sun Apr 08 21:19:46 +0000 2018,-0.153,0.154,0.659,0.187
446,@nytimes,"RT @brooksbarnesNYT: ‚ÄòA Quiet Place‚Äô Is a Huge No. 1 at the Box Office, Boosting Paramount ... At $50M twice what was expected and, out of‚Ä¶",Sun Apr 08 21:12:07 +0000 2018,0.361,0.168,0.753,0.079
447,@nytimes,"Amid Fears of Trade War, Trump Predicts China Will Relent https://t.co/uWmmVeLe4h",Sun Apr 08 21:11:54 +0000 2018,-0.772,0.0,0.573,0.427
448,@nytimes,Gov. Rick Scott of Florida is expected to announce on Monday that he's running for the U.S. Senate against Bill Nel‚Ä¶ https://t.co/yFympY459r,Sun Apr 08 20:57:02 +0000 2018,0.0,0.0,1.0,0.0
449,@nytimes,"For many women in the 5 boroughs of New York, training is a gateway into the world of competitive fighting https://t.co/6VsTR5Gp1I",Sun Apr 08 20:42:07 +0000 2018,-0.202,0.08,0.802,0.118
450,@nytimes,"RT @nytimesarts: A trove of paintings, mementoes from the film ""Gladiator,"" prop horses, guitars, diamond rings and costumes went up for au‚Ä¶",Sun Apr 08 20:27:01 +0000 2018,0.34,0.107,0.893,0.0
451,@nytimes,Here's how to start a fitness routine ‚Äì and stick to it https://t.co/d8GMnfw7rF,Sun Apr 08 20:11:02 +0000 2018,0.273,0.174,0.826,0.0
452,@nytimes,"""Facebook has got to start treating influencers with more respect. These people need to make a living."" https://t.co/PYdR7TbN5U",Sun Apr 08 19:56:07 +0000 2018,0.526,0.175,0.825,0.0
453,@nytimes,"Charlie Brown, Snoopy and the rest of the Peanuts gang are part of a new public art project in cities around the wo‚Ä¶ https://t.co/WcKvqpJTxt",Sun Apr 08 19:41:05 +0000 2018,0.0,0.0,1.0,0.0
454,@nytimes,"""I will do my best to see to it that I never am this ignorant again,"" said a teenager who was sentenced to read boo‚Ä¶ https://t.co/qFtGzcqw0z",Sun Apr 08 19:26:01 +0000 2018,0.407,0.146,0.732,0.121
455,@nytimes,RT @cdcaron: It has been nearly five years since the Syrian government agreed to purge its chemical weapons stockpile. But the chemical war‚Ä¶,Sun Apr 08 19:11:32 +0000 2018,-0.202,0.081,0.808,0.112
456,@nytimes,"As marijuana use has increased, ER doctors say they've been seeing a steady flow of patients with the telltale symp‚Ä¶ https://t.co/SyK0Tm11ph",Sun Apr 08 19:02:05 +0000 2018,0.273,0.1,0.9,0.0
457,@nytimes,"""I admit that I approached 'Chappaquiddick' with a measure of skepticism and a tremor of dread,"" @aoscott writes https://t.co/zae3KIxOMX",Sun Apr 08 18:47:01 +0000 2018,-0.052,0.101,0.787,0.112
458,@nytimes,"In Opinion

A former chancellor of the NYC public schools lays out steps that people ""of good conscience might take‚Ä¶ https://t.co/J8cscMPDc4",Sun Apr 08 18:29:07 +0000 2018,0.44,0.132,0.868,0.0
459,@nytimes,"They may happily coexist in your phone, but Bumble and Tinder, 2 of the world‚Äôs most popular dating apps, are at wa‚Ä¶ https://t.co/dvB2z1dzXz",Sun Apr 08 18:27:01 +0000 2018,0.754,0.244,0.756,0.0
460,@nytimes,RT @nytimesworld: An Indian film actress who staged a topless protest against sexual harassment in the movie industry has been accused of d‚Ä¶,Sun Apr 08 18:12:02 +0000 2018,-0.772,0.0,0.712,0.288
461,@nytimes,Bill Cosby's retrial on sexual assault charges starts Monday. Here's how the second trial will be different. https://t.co/V3d7pVWkUt,Sun Apr 08 17:57:07 +0000 2018,-0.71,0.0,0.731,0.269
462,@nytimes,A top White House official said the Trump administration would not rule out a missile strike to retaliate against t‚Ä¶ https://t.co/jF0IASWwcY,Sun Apr 08 17:42:06 +0000 2018,0.077,0.089,0.837,0.074
463,@nytimes,The crystals that may have helped Vikings navigate northern seas https://t.co/GFiSkwp4yQ,Sun Apr 08 17:27:04 +0000 2018,0.0,0.0,1.0,0.0
464,@nytimes,"She started a Facebook group 2 years ago for middle-aged women. It has grown to over 7,000 members. What could poss‚Ä¶ https://t.co/emlaZ7vhIB",Sun Apr 08 17:12:08 +0000 2018,0.0,0.0,1.0,0.0
465,@nytimes,"The documents, taken together, show that ISIS, if only for a finite amount of time, realized its dream: to establis‚Ä¶ https://t.co/HjnXK8MhvV",Sun Apr 08 16:57:56 +0000 2018,0.25,0.095,0.905,0.0
466,@nytimes,Thousands of internal ISIS documents unearthed by The Times reveal how ISIS built a state of administrative efficie‚Ä¶ https://t.co/2t1MQJt3Sd,Sun Apr 08 16:51:08 +0000 2018,0.0,0.0,1.0,0.0
467,@nytimes,"The world knows ISIS for its brutality, but the militants did not rule by the sword alone. They wielded power throu‚Ä¶ https://t.co/yKSaowgXkk",Sun Apr 08 16:44:30 +0000 2018,-0.612,0.0,0.8,0.2
468,@nytimes,"‚ÄúWe had no choice but to go back to work,‚Äù Hamoud said. ‚ÄúWe did the same job as before. Except we were now serving‚Ä¶ https://t.co/8nrYleFdHF",Sun Apr 08 16:37:15 +0000 2018,-0.153,0.0,0.938,0.062
469,@nytimes,"Weeks after ISIS militants seized Mosul, public servants like Muhammad Nasser Hamoud were ordered to return to thei‚Ä¶ https://t.co/kCuArZmFHD",Sun Apr 08 16:32:33 +0000 2018,0.361,0.122,0.878,0.0
470,@nytimes,"Michigan will stop providing free bottled water to the city of Flint. City officials criticized the move, noting th‚Ä¶ https://t.co/VTPDECtoV9",Sun Apr 08 16:17:02 +0000 2018,-0.103,0.132,0.68,0.188
471,@nytimes,"RT @nytpolitics: 6 of Scott Pruitt‚Äôs efforts to delay or roll back Obama-era regulations ‚Äî on issues including pesticides, lead paint and r‚Ä¶",Sun Apr 08 16:02:06 +0000 2018,-0.318,0.0,0.897,0.103
472,@nytimes,Updated: At least 49 people were killed in a suspected chemical attack in Syria https://t.co/iwWEBDhpwz,Sun Apr 08 15:47:08 +0000 2018,-0.859,0.0,0.537,0.463
473,@nytimes,"RT @melbournecoal: The Denver Post‚Äôs owner, a hedge fund based in NY, also owns nearly 100 other newspapers across the country. Many, inclu‚Ä¶",Sun Apr 08 15:32:02 +0000 2018,0.0,0.0,1.0,0.0
474,@nytimes,Many people taking antidepressants are saying they cannot quit because of withdrawal symptoms they were never warne‚Ä¶ https://t.co/9ZMCrwTMC4,Sun Apr 08 15:17:04 +0000 2018,0.026,0.061,0.939,0.0
475,@nytimes,He said he was trying to show that firearms aren't dangerous. Democrats called for an investigation into whether wh‚Ä¶ https://t.co/Gaxl3OJBDk,Sun Apr 08 15:02:08 +0000 2018,0.372,0.118,0.882,0.0
476,@nytimes,Republican leaders are raising money and energizing conservatives with warnings about Democrats who want to impeach‚Ä¶ https://t.co/FTUUMvrCCy,Sun Apr 08 14:42:07 +0000 2018,0.273,0.21,0.683,0.107
477,@nytimes,"Facebook's advice to Mark Zuckerberg as he prepares to appear before Congress: Be humble, agreeable and as forthrig‚Ä¶ https://t.co/AyQ6KpU4sO",Sun Apr 08 14:27:03 +0000 2018,0.422,0.135,0.865,0.0
478,@nytimes,ü§í + ü§ß ? https://t.co/bA3rrgBZWA,Sun Apr 08 14:12:10 +0000 2018,0.0,0.0,1.0,0.0
479,@nytimes,South Carolina Congressman Pulls Out Gun at a Meeting With Voters https://t.co/YMk9GnMAlS,Sun Apr 08 13:55:05 +0000 2018,-0.34,0.0,0.806,0.194
480,@nytimes,"Polls, politics and population shifts that are forcing an overhaul of colleges and universities across the country https://t.co/Qnwz88cIWv",Sun Apr 08 13:47:11 +0000 2018,0.0,0.0,1.0,0.0
481,@nytimes,"Long-term use of the medications is surging in the U.S., according to an analysis by The New York Times. One reason‚Ä¶ https://t.co/dCJNjdl4xg",Sun Apr 08 13:30:06 +0000 2018,0.0,0.0,1.0,0.0
482,@nytimes,A sociologist chronicled the human toll of eviction in Milwaukee in a 2016 book. A new project may reveal just how‚Ä¶ https://t.co/FOoGwqBFJr,Sun Apr 08 13:00:16 +0000 2018,-0.459,0.0,0.857,0.143
483,@nytimes,"The death of Judge Stephen Reinhardt, combined with other vacancies, means Trump has the chance to push the Ninth C‚Ä¶ https://t.co/OwUe8gGTM3",Sun Apr 08 12:30:04 +0000 2018,-0.44,0.08,0.763,0.157
484,@nytimes,"Is the doctor in? In this new medical age of urgent care centers and retail clinics, that‚Äôs not a simple question. https://t.co/hEzO4a5XuV",Sun Apr 08 12:00:16 +0000 2018,0.612,0.208,0.792,0.0
485,@nytimes,As Trump moves to fulfill one of the central promises of his campaign ‚Äî to get tough on China ‚Äî he faces a potentia‚Ä¶ https://t.co/XFbaG5vdSh,Sun Apr 08 11:30:15 +0000 2018,0.612,0.212,0.731,0.058
486,@nytimes,Dozens Suffocate in Syria as Government Is Accused of Chemical Attack https://t.co/QkSLmxo4XG,Sun Apr 08 11:02:53 +0000 2018,-0.649,0.0,0.654,0.346
487,@nytimes,"Legal experts and White House officials say that in Scott Pruitt's haste to undo government rules, he has often bee‚Ä¶ https://t.co/5ElAVBW1oq",Sun Apr 08 11:00:08 +0000 2018,0.128,0.07,0.93,0.0
488,@nytimes,Breaking News: A suspected chemical attack killed dozens of people in a rebel stronghold in Syria. Aid groups blame‚Ä¶ https://t.co/rWtqFa83v1,Sun Apr 08 10:52:19 +0000 2018,-0.862,0.059,0.508,0.434
489,@nytimes,Trump issued a memo directing his administration to move quickly to bring an end to the practice of ‚Äúcatch and rele‚Ä¶ https://t.co/u9tadPzfSe,Sun Apr 08 10:30:07 +0000 2018,0.0,0.0,1.0,0.0
490,@nytimes,First Words: Why Have We Soured on the ‚ÄòDevil‚Äôs Advocate‚Äô? https://t.co/c01gH2sjil,Sun Apr 08 10:15:39 +0000 2018,0.0,0.0,1.0,0.0
491,@nytimes,John Bolton and Mike Pompeo both have ties to individuals and groups promoting a worldview that regards Islam not s‚Ä¶ https://t.co/TqzBN1BHv5,Sun Apr 08 10:00:17 +0000 2018,0.361,0.116,0.884,0.0
492,@nytimes,üòãhttps://t.co/dhilLWqdGp,Sun Apr 08 09:35:05 +0000 2018,0.0,0.0,1.0,0.0
493,@nytimes,Here's how to start a fitness routine ‚Äì and stick to it https://t.co/kPTQU2IVsc,Sun Apr 08 09:17:06 +0000 2018,0.273,0.174,0.826,0.0
494,@nytimes,Trilobites: The Crystals That May Have Helped Vikings Navigate Northern Seas https://t.co/GI9dRoaexp,Sun Apr 08 09:00:31 +0000 2018,0.0,0.0,1.0,0.0
495,@nytimes,"Depending on your perspective, Reddit represents either the best of the web, or the worst https://t.co/YbT5ZhtOPP",Sun Apr 08 08:42:26 +0000 2018,0.026,0.188,0.628,0.184
496,@nytimes,"When are Prince Harry and Meghan Markle getting married? 
What if my invitation was lost in the mail? 
Will there b‚Ä¶ https://t.co/W74Nu4EyZF",Sun Apr 08 08:24:53 +0000 2018,-0.394,0.0,0.888,0.112
497,@nytimes,"‚ÄúI deal with divorced people. I deal with older singles who are already in their 30s, 40s, 50s and beyond. Sometime‚Ä¶ https://t.co/80XKiNLZBO",Sun Apr 08 08:07:22 +0000 2018,0.0,0.0,1.0,0.0
498,@nytimes,A Cardi B Reveal and an Odd R. Kelly Sketch on ‚ÄòSaturday Night Live‚Äô https://t.co/qowJMa9y7q,Sun Apr 08 07:49:54 +0000 2018,-0.318,0.0,0.839,0.161
499,@nytimes,What it was like for @jswatz to finally write his will https://t.co/cmSQOEP01R,Sun Apr 08 07:37:48 +0000 2018,0.361,0.185,0.815,0.0
